hr_deviation,sleep_hours,activity_minutes,label
1.019,7.39,60.0,LOW
1.06,6.31,32.4,MODERATE
1.07,6.85,59.2,MODERATE
0.957,8.95,21.5,LOW
0.998,7.58,42.5,LOW
1.115,7.41,60.0,MODERATE
1.044,7.22,63.7,MODERATE
1.201,4.54,40.9,HIGH
1.028,8.69,48.4,LOW
1.072,7.09,31.0,MODERATE
1.012,7.88,30.5,LOW
1.081,7.21,51.8,MODERATE
0.961,7.69,24.9,LOW
1.085,6.17,58.7,MODERATE
1.098,5.26,54.5,HIGH
1.132,5.47,51.0,HIGH
1.057,6.96,34.8,MODERATE
1.07,7.71,23.6,LOW
1.09,6.02,35.5,MODERATE
1.044,7.74,56.9,LOW
1.086,6.96,72.7,MODERATE
1.083,6.36,72.0,MODERATE
1.1,7.3,57.9,MODERATE
1.208,5.26,67.3,HIGH
1.098,4.61,74.2,HIGH
1.175,5.03,64.4,HIGH
1.117,6.5,53.5,MODERATE
1.019,8.83,36.4,LOW
1.062,8.6,34.9,LOW
1.046,6.82,30.4,MODERATE
1.182,6.45,47.6,HIGH
1.081,6.19,34.7,MODERATE
1.039,6.09,58.3,MODERATE
1.012,8.67,40.7,LOW
1.061,7.34,60.2,MODERATE
0.994,7.94,25.0,LOW
1.035,7.47,65.4,MODERATE
1.103,6.15,55.8,HIGH
1.216,5.79,59.3,HIGH
1.148,6.39,42.1,HIGH
0.993,7.09,24.6,LOW
1.069,6.33,32.9,MODERATE
1.067,6.8,36.6,MODERATE
1.086,7.0,44.2,MODERATE
1.059,8.74,31.7,LOW
1.086,4.0,83.6,HIGH
1.04,6.19,40.3,MODERATE
1.12,5.37,78.6,HIGH
1.057,7.35,57.1,MODERATE
1.008,7.14,39.7,LOW
0.989,8.08,28.3,LOW
1.13,4.61,52.0,HIGH
1.045,7.38,51.5,MODERATE
0.974,7.83,23.8,LOW
1.045,7.09,29.4,LOW
1.044,8.52,29.1,LOW
1.212,5.75,56.0,HIGH
1.218,5.44,78.0,HIGH
1.107,6.12,60.3,MODERATE
1.074,7.0,61.3,MODERATE
1.108,6.57,62.8,MODERATE
1.063,7.18,61.3,MODERATE
1.0,7.15,47.1,LOW
1.044,8.66,31.3,LOW
1.073,7.28,73.2,MODERATE
1.105,6.66,34.9,MODERATE
1.098,4.55,68.6,HIGH
0.954,8.02,53.8,LOW
1.194,4.37,72.7,HIGH
1.063,7.46,59.0,MODERATE
1.133,4.84,60.5,HIGH
0.996,7.8,35.6,LOW
1.092,6.12,41.9,HIGH
1.09,6.53,42.3,MODERATE
1.07,7.2,39.9,MODERATE
0.98,7.49,51.2,LOW
1.099,4.65,89.3,HIGH
1.094,6.58,57.5,MODERATE
1.221,4.09,81.9,HIGH
0.955,8.52,32.6,LOW
1.023,8.5,30.9,LOW
1.067,7.34,62.2,MODERATE
1.188,6.27,77.2,HIGH
1.035,7.64,48.4,LOW
1.119,6.98,46.7,MODERATE
1.051,7.64,59.7,LOW
1.129,4.58,78.1,HIGH
1.025,7.24,42.8,LOW
1.159,6.4,42.0,HIGH
1.142,4.13,40.4,HIGH
0.973,7.92,44.7,LOW
1.063,7.66,38.1,LOW
1.205,5.68,68.8,HIGH
0.974,7.38,53.7,LOW
1.019,8.09,57.4,LOW
1.029,8.69,33.8,LOW
1.21,6.12,43.6,HIGH
1.198,4.58,86.8,HIGH
1.168,4.56,48.4,HIGH
0.984,7.83,40.4,LOW
1.076,6.26,33.9,MODERATE
1.084,6.86,73.9,MODERATE
1.096,7.46,51.6,MODERATE
1.038,7.51,20.7,LOW
0.956,8.6,50.6,LOW
1.193,4.49,84.0,HIGH
1.046,7.56,41.4,LOW
1.021,8.28,36.6,LOW
1.043,7.46,70.0,MODERATE
1.064,6.84,40.1,MODERATE
1.242,4.38,47.8,HIGH
1.052,7.11,36.6,LOW
1.21,5.25,64.3,HIGH
1.007,7.73,49.8,LOW
1.002,7.31,53.2,LOW
1.064,6.68,57.9,MODERATE
0.994,8.56,35.7,LOW
1.112,4.89,48.0,HIGH
1.094,4.07,42.5,HIGH
1.198,4.2,68.6,HIGH
1.043,7.65,21.9,LOW
0.996,7.91,44.4,LOW
1.079,7.28,73.0,MODERATE
1.041,6.66,31.0,MODERATE
1.131,4.69,81.4,HIGH
1.137,5.91,89.2,HIGH
1.221,4.04,78.4,HIGH
1.038,7.28,52.2,MODERATE
1.03,7.43,36.4,LOW
1.061,7.15,71.4,MODERATE
1.102,6.57,33.4,MODERATE
1.184,5.4,86.5,HIGH
1.248,6.45,54.4,HIGH
1.032,6.76,42.7,MODERATE
1.069,8.14,21.6,LOW
1.021,7.38,38.7,LOW
0.973,7.83,34.6,LOW
1.071,7.49,43.3,MODERATE
1.182,5.34,44.8,HIGH
1.127,5.04,44.6,HIGH
1.101,6.77,46.8,MODERATE
1.051,8.49,45.9,LOW
1.117,7.16,54.0,MODERATE
1.023,8.27,53.5,LOW
1.063,6.68,66.4,MODERATE
1.074,6.14,46.9,MODERATE
1.064,6.67,68.7,MODERATE
1.036,6.96,50.9,MODERATE
1.011,8.16,25.2,LOW
1.207,4.74,49.9,HIGH
1.15,6.1,45.4,HIGH
0.955,8.84,31.6,LOW
1.102,6.21,53.1,MODERATE
1.025,7.09,48.3,LOW
1.229,4.03,63.2,HIGH
0.992,8.97,47.8,LOW
1.235,5.7,62.2,HIGH
0.974,7.63,27.5,LOW
1.232,4.53,59.6,HIGH
1.023,8.15,50.9,LOW
0.994,7.15,29.3,LOW
1.07,7.41,46.1,MODERATE
1.043,6.32,46.1,MODERATE
1.234,4.8,46.0,HIGH
1.118,6.35,55.5,MODERATE
1.149,5.58,88.0,HIGH
0.975,8.69,48.9,LOW
1.048,7.44,46.6,LOW
0.985,8.63,20.0,LOW
0.96,8.26,24.8,LOW
1.119,5.4,77.0,HIGH
1.058,6.41,73.6,MODERATE
0.997,8.71,33.5,LOW
1.12,4.94,81.4,HIGH
1.125,5.32,63.9,HIGH
1.095,6.85,30.9,MODERATE
1.053,7.09,55.9,LOW
1.21,6.09,74.7,HIGH
1.035,6.91,35.3,MODERATE
1.115,7.18,63.9,MODERATE
0.961,7.7,38.6,LOW
1.0,8.67,22.8,LOW
1.119,7.25,58.2,MODERATE
1.156,6.12,87.7,HIGH
1.054,6.56,74.9,MODERATE
1.086,6.29,81.8,HIGH
1.074,6.24,71.1,MODERATE
1.04,7.81,31.5,LOW
1.212,4.3,70.3,HIGH
1.066,8.19,53.6,LOW
1.091,6.6,35.4,MODERATE
1.096,4.69,77.3,HIGH
1.18,5.12,40.3,HIGH
1.099,6.32,54.7,MODERATE
1.046,6.69,71.9,MODERATE
1.076,6.04,69.9,MODERATE
1.2,4.67,60.6,HIGH
1.098,6.22,42.7,MODERATE
1.018,7.38,45.3,LOW
1.06,6.4,51.1,MODERATE
0.971,7.69,24.7,LOW
1.06,6.16,57.5,MODERATE
1.18,6.04,54.5,HIGH
1.064,7.04,57.9,MODERATE
1.225,5.88,87.2,HIGH
1.086,6.6,61.8,MODERATE
1.245,4.31,73.0,HIGH
0.984,7.73,46.9,LOW
1.161,4.41,54.5,HIGH
1.066,7.83,45.2,LOW
1.003,7.9,48.8,LOW
0.969,8.72,50.3,LOW
1.037,6.19,61.8,MODERATE
1.038,7.19,55.8,MODERATE
1.189,6.29,56.5,HIGH
1.027,8.17,42.6,LOW
0.958,8.06,53.0,LOW
1.183,4.78,60.1,HIGH
1.092,7.21,37.8,MODERATE
1.207,6.13,80.6,HIGH
0.958,8.67,41.5,LOW
1.075,6.96,73.6,MODERATE
0.955,8.37,46.4,LOW
1.165,4.75,60.7,HIGH
1.102,7.06,53.6,MODERATE
1.037,6.94,32.8,MODERATE
1.21,4.08,53.1,HIGH
1.179,4.67,45.9,HIGH
1.095,4.93,67.9,HIGH
1.109,7.24,72.1,MODERATE
1.12,6.29,39.7,MODERATE
1.235,6.02,63.8,HIGH
0.973,8.21,33.1,LOW
1.096,5.66,54.3,HIGH
1.148,5.61,71.0,HIGH
1.108,6.4,35.3,MODERATE
1.108,7.18,74.3,MODERATE
1.003,7.78,39.7,LOW
1.001,8.75,48.1,LOW
1.136,4.75,42.1,HIGH
0.955,7.84,36.3,LOW
1.177,6.43,50.1,HIGH
1.127,6.14,43.2,HIGH
1.004,7.03,54.9,LOW
1.159,4.55,47.5,HIGH
1.039,7.35,51.3,LOW
1.112,7.22,42.4,MODERATE
1.037,7.39,25.9,LOW
1.051,6.55,70.0,MODERATE
1.011,7.6,54.8,LOW
1.19,4.61,43.8,HIGH
1.18,5.38,55.1,HIGH
1.061,6.06,44.0,MODERATE
1.06,7.02,43.7,LOW
1.119,6.79,31.1,MODERATE
1.197,4.15,88.2,HIGH
1.189,5.85,57.6,HIGH
0.988,7.73,43.3,LOW
1.093,6.67,64.5,MODERATE
1.241,5.48,86.1,HIGH
1.235,6.11,54.1,HIGH
1.209,5.18,89.8,HIGH
1.131,4.86,50.3,HIGH
1.14,4.39,63.9,HIGH
1.029,7.9,28.5,LOW
1.055,7.81,54.4,LOW
1.151,6.41,64.1,HIGH
1.026,7.36,53.4,LOW
1.229,5.44,88.2,HIGH
1.106,6.02,64.4,MODERATE
1.244,5.94,60.0,HIGH
1.191,4.15,55.7,HIGH
0.994,8.7,41.5,LOW
1.168,5.91,86.8,HIGH
1.037,6.75,52.3,MODERATE
1.002,8.16,20.7,LOW
1.05,7.4,55.0,MODERATE
1.038,6.81,50.5,MODERATE
1.106,7.34,32.0,MODERATE
0.955,7.11,34.4,LOW
1.049,7.89,25.1,LOW
1.022,8.73,46.7,LOW
1.207,5.76,87.6,HIGH
1.044,6.14,37.7,MODERATE
1.106,6.26,57.0,HIGH
0.958,8.79,22.6,LOW
0.993,7.97,26.0,LOW
0.996,7.55,39.7,LOW
1.045,6.15,36.8,MODERATE
1.028,8.41,38.5,LOW
1.092,6.07,37.6,MODERATE
1.221,5.88,70.0,HIGH
1.058,6.66,39.2,MODERATE
1.068,7.79,34.9,LOW
1.094,6.21,39.2,MODERATE
1.139,4.66,53.8,HIGH
1.088,6.63,31.0,MODERATE
1.012,8.6,53.6,LOW
1.03,6.52,39.7,MODERATE
0.996,8.52,52.5,LOW
1.017,7.68,29.8,LOW
1.104,7.47,71.0,MODERATE
1.081,6.17,68.7,MODERATE
1.134,6.06,87.6,HIGH
1.082,6.0,47.5,MODERATE
0.959,7.58,38.9,LOW
0.998,7.57,54.8,LOW
1.018,7.06,57.0,LOW
0.955,8.77,59.0,LOW
1.14,6.3,58.3,HIGH
1.195,4.79,54.1,HIGH
1.097,5.08,79.8,HIGH
1.174,5.71,73.0,HIGH
1.103,7.22,51.3,MODERATE
1.102,4.9,42.6,HIGH
0.964,8.89,39.8,LOW
1.047,6.34,54.9,MODERATE
1.085,6.62,72.4,MODERATE
1.048,6.86,61.8,MODERATE
1.052,6.36,51.8,MODERATE
1.104,7.15,30.2,MODERATE
1.092,7.07,44.4,MODERATE
0.995,8.77,46.7,LOW
1.054,6.04,44.3,MODERATE
1.25,4.14,64.1,HIGH
1.166,5.44,53.5,HIGH
1.111,4.05,80.6,HIGH
1.094,7.41,49.9,MODERATE
1.102,7.09,50.1,MODERATE
1.159,6.14,81.0,HIGH
1.063,8.67,33.0,LOW
1.042,6.72,52.7,MODERATE
1.117,6.04,72.1,MODERATE
1.058,6.36,53.8,MODERATE
1.194,5.24,89.9,HIGH
1.045,8.21,34.8,LOW
1.191,4.85,70.3,HIGH
1.056,7.07,74.8,MODERATE
1.165,4.46,72.3,HIGH
1.173,5.04,81.0,HIGH
1.1,5.6,82.4,HIGH
1.181,4.34,75.1,HIGH
0.954,8.39,37.1,LOW
0.966,8.71,47.8,LOW
1.247,5.21,56.7,HIGH
1.135,6.33,40.7,HIGH
1.158,5.19,54.6,HIGH
1.07,6.27,36.7,MODERATE
1.036,6.09,43.3,MODERATE
1.061,6.36,55.9,MODERATE
1.081,7.23,66.6,MODERATE
1.175,5.76,75.4,HIGH
1.216,5.64,62.3,HIGH
1.224,4.97,82.1,HIGH
1.057,6.42,56.8,MODERATE
1.06,6.65,63.3,MODERATE
1.181,6.2,53.4,HIGH
1.101,6.14,59.3,MODERATE
1.016,8.59,22.9,LOW
0.981,8.47,41.3,LOW
1.044,7.35,49.5,MODERATE
0.961,8.48,25.5,LOW
1.085,6.57,65.7,MODERATE
1.039,7.18,38.9,LOW
1.126,5.87,61.9,HIGH
1.069,8.92,58.7,LOW
1.082,4.28,46.7,HIGH
1.004,8.62,46.6,LOW
1.102,6.29,59.6,MODERATE
1.055,6.99,74.8,MODERATE
1.015,8.06,49.2,LOW
0.959,8.5,56.1,LOW
1.249,4.98,46.0,HIGH
1.147,5.71,54.8,HIGH
1.09,7.42,59.7,MODERATE
0.995,7.51,58.1,LOW
1.111,6.95,62.2,MODERATE
1.204,4.83,82.3,HIGH
1.216,4.1,86.7,HIGH
1.045,7.04,54.4,LOW
1.04,7.95,28.6,LOW
0.971,8.42,30.7,LOW
1.061,6.09,54.0,MODERATE
1.065,8.73,21.9,LOW
1.068,6.69,58.0,MODERATE
1.021,7.67,58.1,LOW
1.015,7.56,28.5,LOW
1.041,8.8,39.3,LOW
1.169,5.68,55.6,HIGH
1.178,5.93,42.4,HIGH
1.249,4.38,49.8,HIGH
1.057,7.45,69.9,MODERATE
1.01,8.48,56.8,LOW
1.059,7.09,52.3,MODERATE
1.051,8.28,41.6,LOW
1.081,6.14,42.6,HIGH
1.119,7.3,44.0,MODERATE
1.109,4.29,71.9,HIGH
1.095,6.14,48.3,MODERATE
1.159,5.71,46.0,HIGH
0.996,7.36,54.6,LOW
1.221,5.83,77.8,HIGH
1.152,6.12,82.2,HIGH
1.085,6.15,43.1,MODERATE
1.038,6.9,49.4,MODERATE
1.099,4.45,69.7,HIGH
1.235,6.17,51.5,HIGH
1.086,5.07,81.2,HIGH
1.093,6.9,44.9,MODERATE
1.149,4.86,72.1,HIGH
1.104,7.05,59.8,MODERATE
1.048,7.39,56.5,MODERATE
1.177,6.23,81.6,HIGH
1.075,6.31,57.0,MODERATE
0.965,8.87,26.7,LOW
0.961,7.67,37.7,LOW
1.031,8.18,57.3,LOW
1.184,4.5,67.4,HIGH
1.081,6.32,73.7,MODERATE
1.174,5.32,43.6,HIGH
1.163,4.42,68.2,HIGH
1.086,6.29,69.5,HIGH
0.987,8.21,49.0,LOW
1.066,7.78,49.2,LOW
1.128,4.23,80.1,HIGH
0.952,7.78,31.0,LOW
1.053,8.03,28.2,LOW
0.983,7.12,41.2,LOW
0.992,7.58,25.6,LOW
1.047,8.63,58.5,LOW
1.115,6.44,46.4,MODERATE
1.165,6.29,44.2,HIGH
1.082,7.38,59.3,MODERATE
1.105,6.22,40.4,MODERATE
1.147,5.37,44.3,HIGH
1.018,7.31,48.4,LOW
1.053,7.57,26.3,LOW
1.119,4.8,74.5,HIGH
1.167,4.13,43.2,HIGH
0.957,8.2,35.7,LOW
1.158,4.39,85.8,HIGH
0.997,8.12,46.8,LOW
1.064,6.48,74.3,MODERATE
1.001,7.04,44.9,LOW
1.037,7.4,59.0,MODERATE
1.031,7.36,65.9,MODERATE
1.046,7.73,42.8,LOW
1.19,5.78,41.3,HIGH
1.004,8.61,45.6,LOW
1.095,5.54,66.3,HIGH
1.008,7.57,47.0,LOW
1.046,6.09,68.3,MODERATE
1.01,7.52,39.9,LOW
1.037,7.32,40.9,MODERATE
1.032,7.19,58.9,LOW
1.199,4.65,86.3,HIGH
1.038,7.3,42.0,MODERATE
1.097,7.11,43.5,MODERATE
1.225,5.15,53.9,HIGH
1.143,5.54,65.4,HIGH
1.237,5.47,85.7,HIGH
1.061,6.5,63.5,MODERATE
1.036,6.7,42.8,MODERATE
1.202,4.55,55.6,HIGH
1.189,5.07,59.4,HIGH
1.066,6.91,64.3,MODERATE
1.069,7.49,62.1,MODERATE
1.047,7.18,58.8,LOW
1.214,5.01,65.3,HIGH
1.075,7.03,58.7,MODERATE
0.986,7.53,30.2,LOW
0.975,7.85,22.1,LOW
0.96,7.8,41.5,LOW
1.026,8.4,30.2,LOW
1.229,4.08,59.1,HIGH
1.105,6.13,63.4,MODERATE
0.964,8.25,42.7,LOW
0.956,7.55,34.9,LOW
1.233,4.88,68.1,HIGH
1.084,7.45,56.3,MODERATE
0.999,7.22,33.9,LOW
1.035,7.72,45.7,LOW
1.089,5.62,44.8,HIGH
0.982,7.25,25.7,LOW
1.06,6.92,37.5,MODERATE
0.987,8.48,33.2,LOW
1.058,6.67,44.3,MODERATE
0.976,8.76,51.2,LOW
1.118,6.26,57.6,HIGH
1.047,6.89,69.2,MODERATE
1.081,6.83,47.5,MODERATE
1.023,8.14,28.8,LOW
1.069,8.91,32.4,LOW
1.033,6.71,69.8,MODERATE
1.145,4.63,89.9,HIGH
1.096,6.3,60.8,MODERATE
1.208,6.35,80.7,HIGH
1.08,6.01,42.7,MODERATE
1.066,7.16,42.2,MODERATE
1.043,6.39,43.8,MODERATE
1.205,6.09,64.7,HIGH
1.081,4.92,46.4,HIGH
1.246,5.81,89.8,HIGH
1.203,4.78,59.8,HIGH
1.069,8.25,22.2,LOW
1.012,7.32,30.6,LOW
0.962,7.61,59.5,LOW
1.072,7.16,39.6,MODERATE
1.068,7.54,51.2,LOW
1.065,8.31,57.6,LOW
1.038,7.73,37.0,LOW
1.083,5.26,73.6,HIGH
1.141,6.15,41.7,HIGH
1.117,6.56,50.6,MODERATE
1.066,7.43,45.0,MODERATE
1.058,7.04,57.3,MODERATE
1.085,6.89,64.1,MODERATE
1.212,4.83,85.1,HIGH
1.088,5.36,53.0,HIGH
1.115,7.34,59.5,MODERATE
1.106,4.89,72.0,HIGH
0.987,7.13,43.1,LOW
0.976,7.24,54.2,LOW
1.149,5.94,55.0,HIGH
0.976,7.42,23.2,LOW
0.987,8.54,29.2,LOW
1.04,7.52,45.9,LOW
1.085,6.37,64.5,HIGH
1.111,6.88,32.5,MODERATE
1.082,4.54,83.7,HIGH
1.066,6.97,57.5,MODERATE
1.059,6.26,39.6,MODERATE
1.147,6.39,83.2,HIGH
1.1,5.8,63.9,HIGH
1.092,6.34,72.0,MODERATE
1.118,6.95,43.0,MODERATE
0.96,7.47,48.4,LOW
1.031,7.39,47.0,MODERATE
0.958,7.53,50.3,LOW
1.1,6.56,53.9,MODERATE
0.993,7.2,45.0,LOW
1.061,8.17,34.1,LOW
1.23,5.73,42.4,HIGH
1.061,8.49,49.6,LOW
1.097,7.46,55.9,MODERATE
1.197,4.07,84.1,HIGH
1.118,7.25,52.5,MODERATE
1.07,8.53,28.0,LOW
0.964,7.2,59.2,LOW
1.047,8.21,59.2,LOW
1.062,8.06,44.3,LOW
1.151,6.31,86.6,HIGH
0.975,8.22,45.3,LOW
1.057,7.78,43.5,LOW
1.031,8.05,48.5,LOW
1.122,4.92,82.4,HIGH
1.12,7.44,63.1,MODERATE
0.98,7.05,51.3,LOW
1.009,7.9,57.1,LOW
1.19,6.05,60.7,HIGH
1.173,5.28,75.6,HIGH
1.044,7.45,68.8,MODERATE
1.026,7.5,48.5,LOW
1.081,7.0,65.1,MODERATE
1.001,8.08,34.9,LOW
1.075,6.14,74.6,MODERATE
1.097,5.34,67.7,HIGH
1.036,7.66,21.0,LOW
1.173,5.58,52.3,HIGH
1.163,6.22,53.6,HIGH
0.999,7.28,34.5,LOW
1.18,6.28,66.6,HIGH
0.975,7.98,42.2,LOW
0.998,8.02,39.0,LOW
1.226,4.83,48.8,HIGH
1.088,7.21,60.1,MODERATE
1.047,7.45,21.2,LOW
1.08,4.02,50.5,HIGH
1.089,4.4,62.5,HIGH
1.114,7.3,68.3,MODERATE
1.213,6.4,71.7,HIGH
1.063,6.27,74.2,MODERATE
1.068,8.04,28.7,LOW
0.976,7.69,57.7,LOW
1.06,7.47,66.6,MODERATE
1.159,4.87,58.4,HIGH
0.988,7.64,45.1,LOW
1.103,5.09,76.8,HIGH
1.005,8.13,26.3,LOW
1.065,8.06,52.5,LOW
1.171,4.51,58.9,HIGH
0.956,8.99,50.4,LOW
1.19,4.46,66.7,HIGH
0.986,8.85,31.2,LOW
1.24,6.05,79.0,HIGH
1.154,6.09,43.9,HIGH
1.1,7.01,46.8,MODERATE
1.024,8.18,55.9,LOW
1.167,5.27,77.8,HIGH
0.993,8.53,31.3,LOW
1.1,7.13,62.0,MODERATE
1.053,7.34,52.0,LOW
1.067,6.02,64.2,MODERATE
1.099,6.1,66.6,MODERATE
1.192,4.94,47.1,HIGH
1.017,7.59,28.3,LOW
1.115,6.49,47.6,MODERATE
1.141,4.17,62.4,HIGH
1.212,6.33,43.5,HIGH
0.985,7.86,26.3,LOW
1.122,6.45,59.6,HIGH
1.119,6.54,60.6,MODERATE
1.087,6.09,55.8,HIGH
1.212,4.7,89.3,HIGH
1.174,4.14,83.4,HIGH
1.088,6.54,30.4,MODERATE
1.047,7.47,50.4,LOW
1.056,7.09,33.9,LOW
1.135,5.03,42.0,HIGH
1.035,7.11,68.3,MODERATE
1.228,5.3,52.6,HIGH
1.108,6.39,31.2,MODERATE
1.099,6.48,46.9,MODERATE
1.18,4.37,85.0,HIGH
1.063,7.13,53.6,LOW
1.073,6.91,35.4,MODERATE
1.059,8.05,20.4,LOW
1.068,6.54,41.3,MODERATE
1.125,4.89,73.2,HIGH
1.086,5.96,56.0,HIGH
1.203,4.4,84.4,HIGH
0.964,8.98,34.2,LOW
1.234,5.63,78.4,HIGH
1.148,4.03,82.0,HIGH
1.11,6.41,72.7,MODERATE
1.049,8.29,35.8,LOW
1.074,7.47,68.5,MODERATE
0.986,8.97,20.2,LOW
1.135,5.17,56.4,HIGH
1.05,8.26,48.9,LOW
1.16,5.52,67.9,HIGH
1.108,4.29,42.9,HIGH
1.096,4.81,46.6,HIGH
0.962,7.76,59.9,LOW
1.22,5.01,84.8,HIGH
1.068,6.19,35.3,MODERATE
0.984,7.73,36.4,LOW
1.109,7.18,61.1,MODERATE
1.157,4.27,55.3,HIGH
1.242,6.43,46.5,HIGH
1.095,6.82,68.0,MODERATE
1.109,6.05,32.1,MODERATE
1.2,5.44,73.0,HIGH
1.07,7.5,22.0,LOW
1.026,7.55,23.2,LOW
1.157,4.08,71.7,HIGH
0.975,7.29,53.6,LOW
1.235,4.47,59.1,HIGH
1.108,6.91,49.9,MODERATE
0.994,8.42,50.9,LOW
1.067,7.02,32.7,MODERATE
1.063,8.88,38.9,LOW
1.237,6.43,63.4,HIGH
1.111,6.43,83.0,HIGH
1.116,6.63,39.4,MODERATE
0.968,8.31,34.4,LOW
1.172,4.84,70.6,HIGH
1.091,6.52,72.9,MODERATE
1.083,4.79,56.8,HIGH
1.039,6.35,43.2,MODERATE
1.052,6.47,38.0,MODERATE
1.01,8.73,40.6,LOW
0.999,8.68,57.0,LOW
1.161,4.38,85.1,HIGH
1.098,7.21,53.1,MODERATE
1.083,6.01,60.8,MODERATE
1.171,6.41,58.8,HIGH
1.158,4.59,64.5,HIGH
1.006,7.01,59.3,LOW
1.08,6.35,42.7,MODERATE
1.112,4.66,76.1,HIGH
1.212,5.28,54.5,HIGH
1.035,6.34,65.2,MODERATE
1.137,5.55,56.6,HIGH
0.97,7.34,38.6,LOW
1.107,6.43,70.0,MODERATE
1.057,7.43,42.4,LOW
0.99,7.51,43.2,LOW
1.04,7.25,32.8,MODERATE
1.066,6.49,33.5,MODERATE
0.991,7.08,37.1,LOW
1.218,5.59,54.8,HIGH
1.232,6.36,84.9,HIGH
1.056,7.53,40.6,LOW
1.106,4.96,63.0,HIGH
1.024,7.4,40.5,LOW
1.038,6.63,47.5,MODERATE
1.059,7.04,44.2,LOW
0.958,8.72,56.5,LOW
1.118,6.6,68.9,MODERATE
1.059,6.4,48.5,MODERATE
0.976,8.57,31.9,LOW
1.106,6.62,46.2,MODERATE
1.094,5.6,59.6,HIGH
1.115,7.12,37.3,MODERATE
0.96,8.1,24.9,LOW
1.038,6.28,52.3,MODERATE
1.17,5.2,53.0,HIGH
1.056,8.34,26.5,LOW
1.105,7.21,51.1,MODERATE
0.995,8.34,23.0,LOW
1.054,7.29,39.9,MODERATE
1.034,7.48,31.3,MODERATE
1.111,6.7,61.5,MODERATE
1.045,6.8,55.3,MODERATE
1.095,4.51,79.8,HIGH
1.031,8.4,29.3,LOW
1.233,4.59,68.3,HIGH
0.988,8.01,32.3,LOW
1.057,6.8,46.6,MODERATE
0.962,8.64,57.0,LOW
1.18,5.26,71.8,HIGH
0.973,7.69,41.6,LOW
1.102,6.3,69.8,MODERATE
1.064,7.52,48.8,LOW
1.075,7.37,43.8,MODERATE
1.222,6.15,45.1,HIGH
1.039,6.7,65.9,MODERATE
0.991,8.72,32.0,LOW
0.966,7.34,59.9,LOW
1.242,5.09,83.8,HIGH
1.053,7.95,34.4,LOW
1.166,5.89,47.6,HIGH
1.061,6.68,62.0,MODERATE
1.075,7.43,67.9,MODERATE
1.063,6.41,58.9,MODERATE
1.097,6.3,58.4,HIGH
1.15,6.39,68.7,HIGH
1.03,8.96,43.6,LOW
1.036,6.85,68.2,MODERATE
1.063,8.28,46.0,LOW
0.973,7.95,39.3,LOW
1.184,5.64,84.3,HIGH
0.955,8.18,53.5,LOW
1.044,7.23,59.4,LOW
1.244,4.85,46.6,HIGH
1.044,7.02,50.4,MODERATE
1.006,7.44,31.6,LOW
1.221,4.66,84.5,HIGH
1.221,6.2,66.0,HIGH
1.211,5.02,59.4,HIGH
1.059,7.08,44.2,LOW
1.0,7.02,47.0,LOW
1.006,8.49,22.7,LOW
1.055,7.4,52.6,MODERATE
1.182,5.68,78.0,HIGH
1.115,6.39,47.9,MODERATE
1.092,4.34,62.4,HIGH
0.987,7.39,45.0,LOW
1.111,6.59,58.7,MODERATE
1.065,7.21,58.8,LOW
1.163,6.05,40.6,HIGH
1.162,5.99,75.9,HIGH
1.122,4.98,71.2,HIGH
1.098,7.17,58.5,MODERATE
1.086,7.15,34.0,MODERATE
1.169,5.49,55.6,HIGH
1.199,5.46,52.5,HIGH
0.975,7.68,27.1,LOW
1.105,6.12,39.6,MODERATE
1.034,7.36,57.7,MODERATE
1.056,6.18,39.8,MODERATE
1.162,5.68,53.4,HIGH
1.093,6.57,34.9,MODERATE
0.962,7.81,47.0,LOW
1.183,4.65,61.6,HIGH
1.058,7.08,33.6,MODERATE
1.094,6.22,59.5,MODERATE
1.229,4.99,80.5,HIGH
1.25,6.44,56.7,HIGH
1.079,7.06,73.0,MODERATE
1.025,8.8,48.8,LOW
1.065,8.11,26.5,LOW
1.064,8.45,20.9,LOW
1.032,6.15,40.1,MODERATE
1.147,6.3,70.6,HIGH
1.034,6.35,60.4,MODERATE
0.997,8.47,46.1,LOW
1.111,4.52,53.0,HIGH
1.048,6.55,74.4,MODERATE
1.221,6.25,51.2,HIGH
1.089,6.38,63.3,MODERATE
1.098,6.86,70.2,MODERATE
1.09,6.27,60.3,MODERATE
1.04,7.05,35.4,MODERATE
1.147,4.06,41.7,HIGH
0.966,7.88,45.3,LOW
1.127,5.06,65.1,HIGH
1.04,7.22,45.9,LOW
0.992,7.35,29.6,LOW
1.036,8.91,42.9,LOW
1.172,5.47,81.3,HIGH
1.179,4.64,87.8,HIGH
1.027,7.75,24.3,LOW
1.12,7.15,47.1,MODERATE
1.106,6.71,59.2,MODERATE
1.213,4.38,89.4,HIGH
1.136,5.3,42.9,HIGH
1.108,6.12,53.6,MODERATE
1.156,5.38,49.2,HIGH
1.211,4.55,76.2,HIGH
1.069,7.29,67.1,MODERATE
1.017,8.6,45.6,LOW
0.98,7.08,42.9,LOW
1.018,8.35,59.8,LOW
1.066,8.33,43.5,LOW
1.035,6.32,52.2,MODERATE
1.026,8.87,43.5,LOW
1.131,5.79,48.3,HIGH
1.238,6.23,44.9,HIGH
1.09,6.03,65.5,MODERATE
1.145,5.48,86.7,HIGH
1.037,8.29,32.1,LOW
1.018,7.34,21.7,LOW
1.114,6.56,33.8,MODERATE
1.171,5.86,52.3,HIGH
1.075,7.15,66.5,MODERATE
1.093,6.09,62.8,HIGH
1.036,7.18,27.6,LOW
1.249,4.21,41.4,HIGH
1.1,6.66,70.6,MODERATE
1.011,7.56,35.8,LOW
1.152,4.62,64.8,HIGH
0.988,7.33,29.9,LOW
1.055,6.82,61.1,MODERATE
1.042,7.93,56.0,LOW
1.106,6.44,49.3,MODERATE
1.051,6.25,44.3,MODERATE
1.087,7.42,56.2,MODERATE
1.128,5.9,77.8,HIGH
1.092,6.78,58.6,MODERATE
1.074,7.25,72.5,MODERATE
1.242,5.7,40.4,HIGH
1.13,5.41,47.4,HIGH
1.216,5.73,42.1,HIGH
0.996,8.07,37.2,LOW
0.978,7.71,50.7,LOW
1.238,4.43,56.6,HIGH
1.036,7.44,71.0,MODERATE
1.113,7.28,47.4,MODERATE
0.985,8.14,33.2,LOW
1.111,6.21,65.7,MODERATE
1.051,6.04,30.0,MODERATE
1.091,6.83,73.5,MODERATE
1.209,5.93,85.8,HIGH
1.122,6.08,45.5,HIGH
1.115,6.58,49.8,MODERATE
1.035,7.06,27.7,LOW
1.115,6.46,58.4,MODERATE
1.066,7.1,49.3,LOW
1.111,7.44,64.5,MODERATE
1.104,5.51,61.0,HIGH
0.994,8.01,55.4,LOW
1.06,7.29,28.1,LOW
1.003,7.06,22.3,LOW
1.199,4.73,63.9,HIGH
1.085,6.2,49.2,MODERATE
1.222,4.37,78.5,HIGH
1.231,4.56,43.3,HIGH
1.065,7.2,20.0,LOW
1.151,6.34,89.6,HIGH
1.09,6.88,52.5,MODERATE
1.063,7.06,48.4,LOW
1.067,7.42,42.7,MODERATE
1.204,5.71,80.5,HIGH
1.045,8.32,27.0,LOW
1.027,8.84,55.6,LOW
0.987,8.66,43.5,LOW
1.204,5.43,64.6,HIGH
1.025,7.14,56.1,LOW
1.112,6.92,53.9,MODERATE
1.039,6.22,57.1,MODERATE
1.025,8.38,41.7,LOW
1.104,5.14,58.7,HIGH
1.038,7.43,37.9,LOW
0.998,7.47,45.9,LOW
1.242,5.19,69.7,HIGH
0.959,7.34,39.4,LOW
1.199,5.34,59.9,HIGH
1.033,6.47,54.0,MODERATE
1.039,6.74,66.4,MODERATE
1.043,7.24,48.0,LOW
1.164,4.64,58.9,HIGH
1.212,4.25,67.2,HIGH
1.094,7.35,57.8,MODERATE
1.099,4.42,57.1,HIGH
0.958,8.38,39.7,LOW
1.192,5.59,57.4,HIGH
1.079,6.16,62.2,MODERATE
1.194,6.02,56.5,HIGH
1.167,5.27,63.8,HIGH
1.036,6.85,39.2,MODERATE
1.061,7.15,43.9,MODERATE
1.186,5.93,78.4,HIGH
1.113,6.68,63.0,MODERATE
1.028,7.2,58.1,LOW
1.078,6.4,65.9,MODERATE
0.962,7.71,29.4,LOW
1.135,6.23,56.2,HIGH
1.16,5.06,81.9,HIGH
1.1,5.04,77.6,HIGH
0.967,7.75,56.9,LOW
1.118,5.3,59.2,HIGH
1.06,6.11,42.1,MODERATE
1.091,6.76,72.1,MODERATE
1.184,4.94,76.2,HIGH
1.012,8.93,49.1,LOW
1.224,5.57,53.2,HIGH
0.957,7.59,42.4,LOW
1.026,7.34,37.2,LOW
0.989,7.57,44.5,LOW
1.166,5.36,90.0,HIGH
1.035,7.39,43.3,MODERATE
1.068,6.93,36.8,MODERATE
1.043,7.9,55.2,LOW
1.225,5.89,48.3,HIGH
0.968,8.32,51.4,LOW
1.12,7.0,40.6,MODERATE
1.157,4.95,69.2,HIGH
0.961,7.08,39.0,LOW
1.166,4.68,89.4,HIGH
1.054,7.44,58.3,MODERATE
1.16,5.03,70.0,HIGH
0.967,7.79,51.7,LOW
1.21,6.45,86.8,HIGH
1.071,6.7,58.0,MODERATE
0.978,7.49,35.4,LOW
1.057,6.6,61.5,MODERATE
1.226,5.95,69.0,HIGH
1.02,7.76,41.3,LOW
1.099,4.65,67.2,HIGH
1.062,6.54,61.4,MODERATE
1.068,7.47,30.4,MODERATE
1.064,6.46,37.4,MODERATE
0.982,7.67,32.4,LOW
1.086,6.77,60.6,MODERATE
1.031,8.07,39.4,LOW
0.999,8.05,57.1,LOW
1.18,5.12,57.6,HIGH
1.109,6.99,74.0,MODERATE
0.963,8.48,30.4,LOW
1.058,6.83,39.2,MODERATE
1.179,5.21,59.5,HIGH
1.102,4.33,44.8,HIGH
1.143,5.38,62.8,HIGH
1.074,6.09,36.2,MODERATE
1.086,5.65,54.6,HIGH
1.066,6.74,39.5,MODERATE
1.104,6.24,45.6,MODERATE
1.06,7.41,27.4,LOW
1.114,5.1,57.2,HIGH
1.112,7.24,49.1,MODERATE
1.053,7.19,55.9,LOW
1.224,5.68,65.3,HIGH
1.091,5.63,67.0,HIGH
1.104,5.2,84.9,HIGH
1.083,7.02,41.1,MODERATE
1.045,7.5,59.0,MODERATE
0.955,8.36,31.3,LOW
0.988,8.8,52.0,LOW
1.086,7.02,36.9,MODERATE
0.993,8.41,47.1,LOW
1.118,4.64,65.6,HIGH
1.169,6.17,62.0,HIGH
1.044,8.35,44.5,LOW
1.092,5.86,81.1,HIGH
1.031,6.51,50.2,MODERATE
0.953,7.08,28.8,LOW
1.101,7.02,53.8,MODERATE
1.101,5.24,63.3,HIGH
1.216,4.19,50.9,HIGH
1.093,4.71,56.4,HIGH
1.068,8.66,33.2,LOW
1.045,6.79,48.5,MODERATE
1.235,6.07,40.2,HIGH
1.027,8.63,22.8,LOW
1.174,4.58,87.7,HIGH
1.028,7.41,21.2,LOW
1.229,5.2,46.1,HIGH
1.019,7.21,40.6,LOW
1.021,8.21,38.5,LOW
1.087,5.36,69.5,HIGH
1.074,7.34,34.8,MODERATE
1.114,4.91,67.6,HIGH
1.114,4.98,74.1,HIGH
1.088,7.44,62.6,MODERATE
1.061,7.28,57.6,MODERATE
1.055,7.09,43.8,MODERATE
1.232,4.52,50.4,HIGH
1.031,6.73,48.3,MODERATE
1.037,6.42,35.8,MODERATE
1.079,7.1,57.7,MODERATE
1.001,8.0,49.4,LOW
1.206,4.58,49.3,HIGH
1.228,4.24,57.0,HIGH
1.003,7.36,56.5,LOW
1.004,7.33,30.2,LOW
1.068,6.87,53.8,MODERATE
0.964,8.07,59.0,LOW
1.11,6.93,57.3,MODERATE
0.987,8.7,39.0,LOW
1.064,6.09,42.4,MODERATE
1.138,5.36,48.7,HIGH
1.098,6.63,35.0,MODERATE
1.219,5.56,88.9,HIGH
1.115,5.51,74.6,HIGH
0.996,7.58,23.6,LOW
1.105,7.41,44.8,MODERATE
1.003,8.48,44.2,LOW
0.961,8.51,25.2,LOW
1.032,7.63,56.2,LOW
1.233,4.01,40.3,HIGH
1.039,7.03,71.3,MODERATE
1.168,4.85,43.6,HIGH
1.108,7.45,50.5,MODERATE
1.235,5.12,57.4,HIGH
1.11,4.86,40.2,HIGH
0.966,7.88,33.6,LOW
1.091,6.15,65.5,MODERATE
0.973,8.57,52.9,LOW
1.234,4.55,44.0,HIGH
1.063,6.99,31.3,MODERATE
0.985,7.33,32.8,LOW
1.092,7.03,33.0,MODERATE
1.066,8.36,34.1,LOW
1.216,4.73,41.4,HIGH
1.24,5.96,67.6,HIGH
1.077,6.25,30.3,MODERATE
0.985,7.08,34.3,LOW
1.05,7.23,41.9,MODERATE
1.107,6.03,71.7,MODERATE
1.146,6.15,77.2,HIGH
0.997,7.87,55.7,LOW
1.228,5.64,53.4,HIGH
1.041,6.62,60.5,MODERATE
1.227,5.25,67.2,HIGH
1.112,6.59,44.3,MODERATE
1.132,5.62,82.3,HIGH
0.999,7.26,25.1,LOW
1.114,4.77,65.7,HIGH
1.223,4.0,86.1,HIGH
1.064,8.32,57.0,LOW
1.104,4.22,69.9,HIGH
1.043,6.31,47.6,MODERATE
1.11,5.57,43.7,HIGH
1.139,4.69,41.3,HIGH
1.081,5.77,89.3,HIGH
1.086,6.47,59.4,MODERATE
1.045,7.24,37.2,MODERATE
0.961,7.37,26.4,LOW
1.044,8.97,36.6,LOW
1.144,5.02,63.1,HIGH
1.038,8.05,46.1,LOW
0.982,8.6,33.8,LOW
1.065,7.87,34.6,LOW
1.156,5.02,63.8,HIGH
1.237,5.7,45.8,HIGH
1.034,7.65,41.6,LOW
1.082,6.84,40.4,MODERATE
1.229,4.92,55.6,HIGH
1.095,5.31,75.8,HIGH
1.117,6.29,64.4,MODERATE
1.188,4.88,77.7,HIGH
1.24,5.57,89.5,HIGH
1.01,7.36,35.1,LOW
1.019,7.91,59.9,LOW
1.109,4.33,76.3,HIGH
1.118,7.24,55.3,MODERATE
1.195,4.85,66.4,HIGH
0.955,7.53,56.2,LOW
1.122,4.34,65.2,HIGH
1.127,4.91,61.2,HIGH
1.189,6.12,88.4,HIGH
1.091,4.43,54.7,HIGH
1.09,5.72,52.9,HIGH
1.102,6.73,37.9,MODERATE
1.245,5.92,46.2,HIGH
1.098,4.92,76.5,HIGH
1.155,4.0,67.9,HIGH
1.004,7.96,52.0,LOW
1.173,4.91,77.9,HIGH
0.998,8.64,28.4,LOW
1.015,7.56,29.8,LOW
1.214,4.75,81.0,HIGH
1.03,7.77,47.3,LOW
1.024,8.53,22.9,LOW
1.069,6.54,74.8,MODERATE
1.093,6.21,40.5,HIGH
1.035,8.1,54.8,LOW
1.193,5.28,73.1,HIGH
1.029,7.69,44.5,LOW
0.989,8.11,35.5,LOW
1.169,6.06,63.1,HIGH
1.202,4.26,64.6,HIGH
0.97,8.52,40.3,LOW
1.07,6.86,34.3,MODERATE
1.06,6.69,51.0,MODERATE
1.087,6.06,54.2,MODERATE
1.088,7.49,66.0,MODERATE
1.15,4.93,46.4,HIGH
1.034,7.47,27.6,LOW
1.042,7.33,67.7,MODERATE
1.07,7.48,70.7,MODERATE
1.068,8.67,59.8,LOW
1.211,4.87,76.3,HIGH
0.966,8.84,29.2,LOW
0.983,7.81,59.3,LOW
0.974,7.46,22.4,LOW
1.065,7.08,49.3,LOW
1.207,5.93,86.9,HIGH
1.088,7.34,70.4,MODERATE
1.031,8.81,24.4,LOW
1.0,7.99,46.8,LOW
1.115,4.5,51.5,HIGH
0.997,7.45,33.2,LOW
1.121,5.35,85.7,HIGH
1.016,8.62,36.2,LOW
1.032,7.34,54.2,MODERATE
1.034,6.87,43.7,MODERATE
1.103,7.49,44.2,MODERATE
1.032,7.69,56.7,LOW
0.954,7.06,57.3,LOW
1.157,4.75,64.6,HIGH
1.18,4.29,80.4,HIGH
1.235,4.45,42.4,HIGH
1.099,6.75,51.7,MODERATE
1.055,6.09,34.0,MODERATE
1.023,7.23,45.5,LOW
1.031,6.5,54.0,MODERATE
1.066,6.06,47.7,MODERATE
1.245,4.67,76.4,HIGH
1.201,4.74,45.2,HIGH
1.079,6.69,68.2,MODERATE
1.242,5.61,59.5,HIGH
1.115,6.05,34.4,MODERATE
1.079,7.35,66.1,MODERATE
0.98,7.43,41.2,LOW
1.094,6.39,65.2,HIGH
1.011,8.47,54.7,LOW
0.968,7.88,34.8,LOW
1.032,6.3,44.0,MODERATE
0.978,7.2,29.9,LOW
1.006,7.41,47.2,LOW
1.044,6.6,40.0,MODERATE
1.028,8.13,51.1,LOW
1.121,6.41,83.1,HIGH
1.174,4.21,61.2,HIGH
1.069,6.51,35.1,MODERATE
1.128,4.45,86.5,HIGH
1.225,4.72,45.7,HIGH
1.229,6.22,55.3,HIGH
1.125,4.77,71.3,HIGH
1.066,7.96,57.4,LOW
1.044,7.32,26.2,LOW
1.176,6.02,67.9,HIGH
1.057,8.94,59.6,LOW
1.015,7.81,30.5,LOW
1.07,7.18,34.2,MODERATE
1.06,8.48,25.8,LOW
0.971,8.01,22.2,LOW
1.054,6.84,33.0,MODERATE
0.96,7.33,20.2,LOW
1.021,8.79,58.6,LOW
1.031,7.29,32.8,MODERATE
1.002,8.51,36.8,LOW
1.145,6.15,70.6,HIGH
1.049,8.58,46.4,LOW
1.082,6.21,68.3,HIGH
1.232,4.69,85.8,HIGH
1.104,7.15,73.4,MODERATE
1.246,5.12,62.9,HIGH
1.065,7.08,58.1,MODERATE
0.958,7.83,41.5,LOW
1.069,8.68,53.8,LOW
1.134,4.76,69.2,HIGH
1.085,6.44,62.7,HIGH
1.008,7.07,58.7,LOW
0.991,8.5,44.1,LOW
1.054,8.45,26.0,LOW
1.131,4.71,70.4,HIGH
0.982,7.89,59.7,LOW
1.03,7.31,23.2,LOW
1.068,8.77,23.0,LOW
1.13,4.19,89.5,HIGH
1.168,4.51,89.8,HIGH
1.153,5.44,54.8,HIGH
1.115,7.0,60.3,MODERATE
1.086,7.17,32.4,MODERATE
1.059,8.57,40.9,LOW
1.058,6.86,39.4,MODERATE
1.093,7.06,36.1,MODERATE
1.097,6.72,69.8,MODERATE
1.148,5.31,45.9,HIGH
1.043,8.82,34.3,LOW
1.047,6.97,31.0,MODERATE
1.19,4.0,40.2,HIGH
1.147,6.43,85.2,HIGH
1.145,5.99,52.6,HIGH
1.014,7.3,52.5,LOW
1.244,5.31,72.4,HIGH
1.156,5.3,88.8,HIGH
0.964,8.86,48.4,LOW
1.085,6.16,31.6,MODERATE
1.246,5.15,82.9,HIGH
1.057,7.18,60.7,MODERATE
1.223,4.54,62.0,HIGH
1.108,5.21,48.3,HIGH
1.046,6.54,40.6,MODERATE
1.097,6.23,34.6,MODERATE
1.209,4.19,51.6,HIGH
1.047,7.29,53.9,MODERATE
1.194,5.28,80.1,HIGH
1.18,4.41,49.0,HIGH
1.192,5.0,77.3,HIGH
1.095,5.9,49.6,HIGH
1.176,4.31,66.7,HIGH
1.104,6.23,41.3,HIGH
0.959,7.84,49.0,LOW
0.977,7.28,44.1,LOW
1.046,8.5,23.7,LOW
1.02,8.75,47.1,LOW
1.051,8.11,22.1,LOW
0.998,7.14,55.9,LOW
1.106,6.2,65.6,HIGH
1.062,8.04,59.3,LOW
1.098,4.95,88.4,HIGH
1.187,5.03,43.6,HIGH
1.127,5.28,76.8,HIGH
1.03,6.49,73.5,MODERATE
1.081,4.48,42.7,HIGH
1.147,5.91,62.1,HIGH
1.196,6.41,61.8,HIGH
1.096,7.08,60.8,MODERATE
1.043,8.79,26.7,LOW
1.036,6.18,59.9,MODERATE
1.062,7.11,54.8,LOW
1.07,6.18,65.0,MODERATE
1.108,5.24,75.0,HIGH
1.171,5.69,67.6,HIGH
1.226,4.72,57.4,HIGH
0.978,8.1,27.0,LOW
1.114,6.3,64.7,MODERATE
0.963,8.99,27.2,LOW
1.043,7.65,20.1,LOW
1.13,5.95,63.2,HIGH
1.11,7.29,52.6,MODERATE
0.95,8.1,29.2,LOW
1.054,6.26,61.9,MODERATE
1.084,7.45,55.7,MODERATE
1.248,4.96,68.5,HIGH
1.025,7.49,48.7,LOW
1.104,6.47,54.6,MODERATE
1.113,4.89,84.1,HIGH
1.051,7.55,23.5,LOW
1.249,5.84,60.3,HIGH
1.151,5.57,68.9,HIGH
1.01,8.73,55.3,LOW
1.148,5.48,41.1,HIGH
1.179,4.56,51.7,HIGH
1.103,6.88,30.8,MODERATE
1.107,7.17,70.5,MODERATE
1.036,6.71,74.5,MODERATE
1.121,4.82,61.5,HIGH
1.057,7.39,36.4,LOW
1.06,6.77,35.9,MODERATE
1.069,8.44,54.8,LOW
0.981,8.64,57.2,LOW
1.156,5.2,43.1,HIGH
1.2,4.45,71.8,HIGH
0.963,8.9,27.5,LOW
1.238,4.6,45.2,HIGH
1.111,5.58,61.6,HIGH
0.982,7.3,50.3,LOW
1.088,6.53,61.1,MODERATE
1.138,5.14,64.4,HIGH
1.181,4.81,47.3,HIGH
1.037,7.49,50.1,MODERATE
1.06,7.64,55.8,LOW
1.036,6.21,41.9,MODERATE
1.218,5.91,72.5,HIGH
1.045,7.18,39.1,LOW
1.11,7.34,42.5,MODERATE
1.043,6.97,63.3,MODERATE
1.077,7.24,31.6,MODERATE
0.991,7.06,39.7,LOW
1.152,4.45,51.8,HIGH
1.036,6.35,47.4,MODERATE
1.103,7.15,69.6,MODERATE
1.146,5.39,68.3,HIGH
0.974,7.09,39.7,LOW
1.037,8.2,46.3,LOW
1.163,4.51,55.6,HIGH
1.069,8.55,36.5,LOW
1.198,4.79,51.6,HIGH
1.113,7.12,31.1,MODERATE
1.177,6.43,66.7,HIGH
1.075,6.56,74.5,MODERATE
1.031,6.83,61.7,MODERATE
1.035,8.88,29.8,LOW
1.085,4.58,90.0,HIGH
1.091,6.81,34.2,MODERATE
1.079,6.8,73.9,MODERATE
1.038,6.84,42.2,MODERATE
1.129,5.33,60.7,HIGH
1.158,4.62,55.3,HIGH
1.006,7.49,39.0,LOW
1.044,6.96,60.4,MODERATE
1.052,7.29,54.4,MODERATE
1.116,6.55,47.3,MODERATE
1.13,5.31,72.2,HIGH
1.044,7.25,57.1,MODERATE
0.977,8.39,35.2,LOW
1.118,7.36,42.3,MODERATE
1.049,8.69,58.9,LOW
1.175,6.18,40.2,HIGH
1.012,7.64,24.1,LOW
1.108,6.55,47.3,MODERATE
1.068,6.91,34.7,MODERATE
1.199,6.01,76.2,HIGH
1.008,8.59,21.6,LOW
1.228,5.48,89.2,HIGH
1.07,6.39,69.6,MODERATE
1.207,4.74,50.8,HIGH
1.062,7.39,70.1,MODERATE
1.094,6.96,58.0,MODERATE
1.042,7.37,56.8,MODERATE
1.061,7.1,66.9,MODERATE
1.036,6.4,56.6,MODERATE
1.024,8.37,23.1,LOW
0.985,7.21,25.5,LOW
1.084,5.23,89.3,HIGH
1.113,5.53,49.4,HIGH
0.986,8.33,25.1,LOW
0.967,8.24,58.4,LOW
1.146,5.49,58.1,HIGH
1.08,6.86,59.8,MODERATE
1.044,7.85,41.3,LOW
1.194,6.23,75.8,HIGH
1.084,6.79,68.2,MODERATE
1.114,4.02,66.3,HIGH
1.049,6.75,38.9,MODERATE
0.992,7.39,25.1,LOW
1.109,4.88,51.1,HIGH
1.045,6.7,64.2,MODERATE
1.07,6.78,47.8,MODERATE
1.054,8.33,28.4,LOW
0.958,7.22,22.2,LOW
1.006,8.74,36.4,LOW
1.112,6.35,66.0,HIGH
0.97,8.73,56.0,LOW
1.051,6.87,42.4,MODERATE
1.036,7.18,46.6,LOW
1.143,4.3,88.4,HIGH
1.065,8.14,55.3,LOW
1.053,6.87,49.5,MODERATE
1.207,6.47,68.9,HIGH
0.979,8.63,29.5,LOW
0.965,8.73,31.4,LOW
0.965,7.81,35.0,LOW
1.097,6.55,34.4,MODERATE
1.154,5.15,67.1,HIGH
1.098,6.28,51.9,MODERATE
1.033,7.35,70.6,MODERATE
1.117,6.76,70.3,MODERATE
1.082,5.42,67.5,HIGH
0.967,8.4,39.0,LOW
1.148,5.52,58.3,HIGH
1.034,7.64,45.9,LOW
1.005,8.41,47.4,LOW
1.041,6.02,64.3,MODERATE
0.97,8.74,46.6,LOW
1.225,5.11,64.6,HIGH
1.058,6.88,63.9,MODERATE
1.096,7.06,55.9,MODERATE
1.097,4.76,86.4,HIGH
1.034,8.16,25.0,LOW
1.038,8.65,36.0,LOW
1.048,8.54,55.4,LOW
1.107,5.98,76.4,HIGH
1.118,4.88,85.8,HIGH
1.114,6.27,41.7,HIGH
1.105,6.26,48.4,HIGH
1.092,6.42,63.7,MODERATE
1.109,4.25,83.8,HIGH
1.054,7.12,59.7,MODERATE
1.109,7.18,59.0,MODERATE
0.996,7.78,29.9,LOW
1.071,7.48,74.4,MODERATE
1.067,7.16,52.1,LOW
1.142,5.45,86.6,HIGH
1.165,5.74,81.3,HIGH
1.247,4.99,56.1,HIGH
1.064,8.51,45.6,LOW
1.094,6.3,35.0,MODERATE
1.092,6.52,35.8,MODERATE
1.013,7.23,51.9,LOW
1.061,6.88,44.1,MODERATE
1.022,8.45,50.6,LOW
1.053,7.12,32.1,LOW
0.973,8.16,51.9,LOW
1.106,5.15,62.9,HIGH
1.138,5.07,72.5,HIGH
1.031,7.68,31.0,LOW
0.981,8.93,45.9,LOW
1.022,8.37,57.2,LOW
1.075,6.14,46.7,MODERATE
1.161,4.19,62.1,HIGH
1.038,6.74,50.0,MODERATE
1.081,5.16,78.7,HIGH
1.097,6.91,35.2,MODERATE
1.028,8.49,34.3,LOW
1.026,7.68,20.9,LOW
1.1,6.1,32.9,MODERATE
1.105,7.44,70.5,MODERATE
1.173,6.04,57.3,HIGH
1.016,8.12,34.7,LOW
1.006,7.14,20.4,LOW
1.111,7.49,44.0,MODERATE
1.172,4.85,53.6,HIGH
1.233,4.8,64.3,HIGH
1.186,6.48,60.3,HIGH
1.202,6.44,41.3,HIGH
1.079,6.28,72.2,MODERATE
1.032,7.17,60.6,MODERATE
1.102,6.92,36.2,MODERATE
1.237,4.94,74.8,HIGH
1.029,7.11,43.8,LOW
1.084,7.13,59.5,MODERATE
0.968,8.52,31.6,LOW
1.062,7.46,42.6,MODERATE
0.967,8.92,56.7,LOW
1.064,6.44,49.2,MODERATE
1.032,6.65,71.4,MODERATE
1.029,7.32,43.7,LOW
1.175,6.43,74.3,HIGH
1.027,8.35,56.2,LOW
1.064,7.65,30.3,LOW
1.041,7.36,22.4,LOW
1.1,6.46,69.6,MODERATE
1.041,8.85,24.7,LOW
1.045,7.78,45.9,LOW
1.104,4.63,85.3,HIGH
1.204,4.27,84.6,HIGH
0.968,7.05,36.1,LOW
1.031,6.57,32.9,MODERATE
1.216,5.29,77.7,HIGH
1.112,4.24,80.3,HIGH
1.102,4.69,63.1,HIGH
1.084,5.29,76.8,HIGH
0.992,8.92,28.3,LOW
1.129,6.36,62.8,HIGH
1.113,6.38,72.9,HIGH
1.052,8.19,32.0,LOW
0.999,8.63,24.6,LOW
1.016,8.63,48.6,LOW
1.025,7.15,44.8,LOW
1.063,6.02,45.3,MODERATE
1.216,4.49,81.0,HIGH
0.953,8.58,58.0,LOW
1.093,5.72,45.4,HIGH
0.99,8.65,38.8,LOW
1.066,7.26,38.4,LOW
1.242,5.45,50.7,HIGH
1.098,6.97,50.1,MODERATE
0.975,8.34,29.0,LOW
1.117,6.13,58.6,MODERATE
1.034,8.1,31.2,LOW
1.066,6.89,66.5,MODERATE
1.159,5.28,67.1,HIGH
1.203,5.82,54.6,HIGH
1.099,5.72,88.0,HIGH
0.965,8.8,22.9,LOW
1.043,6.76,51.6,MODERATE
1.099,5.1,58.7,HIGH
1.004,7.51,24.9,LOW
1.222,5.1,72.1,HIGH
1.001,7.92,27.7,LOW
1.113,6.6,56.0,MODERATE
1.038,7.39,59.5,MODERATE
1.154,4.07,63.9,HIGH
1.081,7.41,38.1,MODERATE
1.02,7.92,59.4,LOW
0.991,8.25,46.7,LOW
1.052,7.6,50.7,LOW
1.099,6.38,62.1,MODERATE
1.036,7.11,58.8,LOW
1.142,5.27,58.5,HIGH
1.008,8.94,26.0,LOW
1.105,5.43,60.0,HIGH
1.035,7.65,38.2,LOW
1.057,8.49,23.1,LOW
1.002,7.93,45.5,LOW
1.225,5.43,51.1,HIGH
1.188,4.44,77.7,HIGH
1.042,7.9,34.1,LOW
1.124,4.54,78.1,HIGH
0.994,7.31,46.6,LOW
1.195,5.89,87.7,HIGH
0.953,7.37,39.4,LOW
1.049,8.31,33.0,LOW
1.062,7.01,72.0,MODERATE
0.977,8.53,34.9,LOW
1.223,4.38,82.7,HIGH
1.169,5.29,63.5,HIGH
1.091,6.95,60.0,MODERATE
1.103,5.74,85.0,HIGH
1.034,8.99,44.0,LOW
0.982,7.2,58.8,LOW
1.048,6.5,37.3,MODERATE
1.027,8.16,25.3,LOW
0.987,7.06,41.9,LOW
1.074,7.17,65.7,MODERATE
1.125,6.36,65.6,HIGH
1.168,6.43,80.1,HIGH
1.12,4.96,64.7,HIGH
0.987,8.7,56.3,LOW
1.058,6.93,32.0,MODERATE
1.191,5.47,88.0,HIGH
0.975,7.7,56.7,LOW
1.21,5.46,71.8,HIGH
1.088,6.02,77.4,HIGH
1.068,8.88,43.8,LOW
1.092,6.3,51.4,HIGH
0.963,7.78,41.0,LOW
1.23,5.79,71.2,HIGH
1.214,4.1,89.4,HIGH
1.086,6.31,45.1,MODERATE
1.028,7.26,29.3,LOW
1.141,4.6,76.9,HIGH
0.96,7.01,51.5,LOW
0.986,7.9,50.8,LOW
0.958,7.79,44.2,LOW
0.982,8.22,52.4,LOW
1.046,7.15,40.8,MODERATE
1.042,7.69,50.7,LOW
0.957,8.82,58.6,LOW
1.035,7.05,39.9,MODERATE
1.104,6.11,67.2,MODERATE
1.174,4.6,53.3,HIGH
1.128,4.1,45.9,HIGH
1.025,8.57,37.6,LOW
0.999,7.04,45.3,LOW
0.977,8.61,54.6,LOW
1.06,8.26,51.3,LOW
0.972,8.06,44.7,LOW
1.079,6.49,58.9,MODERATE
1.118,7.12,51.5,MODERATE
1.194,6.19,40.7,HIGH
1.089,6.87,41.1,MODERATE
1.031,7.5,53.5,LOW
1.177,4.9,89.9,HIGH
1.058,7.98,59.7,LOW
1.112,6.77,49.5,MODERATE
1.087,6.16,67.2,MODERATE
1.144,5.95,70.9,HIGH
0.984,7.52,30.3,LOW
0.957,7.81,51.0,LOW
1.0,7.99,35.2,LOW
1.179,5.17,71.1,HIGH
1.011,8.11,32.4,LOW
1.037,7.44,45.2,MODERATE
1.043,6.29,34.8,MODERATE
1.129,5.23,81.2,HIGH
1.049,7.12,30.0,LOW
1.075,6.92,44.3,MODERATE
1.095,7.13,53.1,MODERATE
1.055,7.91,40.6,LOW
1.038,7.59,47.8,LOW
1.044,8.02,36.1,LOW
0.951,8.04,47.3,LOW
1.112,6.39,54.3,MODERATE
1.019,8.39,35.1,LOW
1.111,4.5,48.9,HIGH
1.233,4.64,48.7,HIGH
1.102,6.81,59.8,MODERATE
1.182,5.21,86.8,HIGH
1.061,8.8,58.3,LOW
1.236,4.95,46.7,HIGH
1.097,7.1,73.5,MODERATE
1.056,6.03,30.5,MODERATE
1.057,8.95,59.9,LOW
1.21,6.32,73.4,HIGH
1.22,5.51,50.1,HIGH
1.043,7.27,57.0,LOW
1.006,8.52,52.4,LOW
1.066,6.85,58.3,MODERATE
1.097,5.23,45.9,HIGH
1.052,7.27,72.3,MODERATE
1.048,8.39,24.1,LOW
1.113,6.97,30.7,MODERATE
0.979,8.9,55.8,LOW
1.073,6.08,46.4,MODERATE
0.965,8.15,34.8,LOW
1.074,6.67,46.1,MODERATE
0.963,8.28,24.6,LOW
1.172,5.21,72.4,HIGH
0.985,7.77,48.9,LOW
1.222,5.56,77.9,HIGH
1.132,5.7,64.2,HIGH
1.032,6.88,53.3,MODERATE
1.201,5.13,57.2,HIGH
1.176,6.18,86.6,HIGH
0.976,8.96,31.5,LOW
1.182,5.16,89.6,HIGH
1.084,4.65,80.9,HIGH
1.217,5.28,45.8,HIGH
1.019,7.73,28.9,LOW
1.085,6.73,41.4,MODERATE
1.191,5.85,56.4,HIGH
1.03,7.03,53.8,MODERATE
1.136,5.44,59.5,HIGH
1.079,7.04,65.4,MODERATE
1.15,4.89,40.1,HIGH
1.085,7.31,41.9,MODERATE
1.07,8.48,39.4,LOW
1.112,5.87,79.5,HIGH
1.12,5.77,84.1,HIGH
1.095,5.14,72.6,HIGH
1.044,6.11,70.3,MODERATE
1.232,5.87,83.3,HIGH
1.046,7.48,49.4,LOW
1.21,4.55,58.6,HIGH
1.091,6.01,49.3,MODERATE
1.209,5.98,50.7,HIGH
1.124,4.99,71.7,HIGH
1.134,6.39,40.4,HIGH
0.96,8.84,57.3,LOW
0.989,8.71,29.0,LOW
0.956,7.12,20.5,LOW
1.054,7.34,51.4,MODERATE
0.968,7.42,48.4,LOW
0.994,8.11,43.7,LOW
1.087,6.85,41.6,MODERATE
1.037,6.58,47.2,MODERATE
0.992,7.58,32.8,LOW
1.089,6.42,41.0,MODERATE
1.001,7.04,24.3,LOW
1.001,7.28,49.4,LOW
1.037,7.15,41.5,MODERATE
1.058,6.9,45.0,MODERATE
1.083,7.22,72.9,MODERATE
1.059,6.26,40.0,MODERATE
1.036,6.67,70.6,MODERATE
1.066,6.51,56.4,MODERATE
1.196,4.09,57.9,HIGH
1.035,7.13,39.2,MODERATE
1.052,7.19,33.4,LOW
1.192,6.35,80.2,HIGH
0.975,8.33,47.6,LOW
1.042,7.48,38.2,LOW
1.086,5.32,46.3,HIGH
1.054,6.75,31.9,MODERATE
1.157,4.57,83.9,HIGH
1.094,7.12,71.9,MODERATE
1.114,7.03,64.4,MODERATE
1.085,4.2,71.2,HIGH
1.118,7.21,34.8,MODERATE
1.109,6.18,41.9,MODERATE
1.097,5.72,64.0,HIGH
1.097,5.28,59.2,HIGH
1.037,6.78,45.5,MODERATE
1.033,7.28,30.3,LOW
1.175,5.78,77.2,HIGH
1.183,5.5,54.6,HIGH
1.079,6.83,50.4,MODERATE
1.212,5.35,64.5,HIGH
1.036,8.9,20.6,LOW
1.064,6.78,67.0,MODERATE
1.074,7.29,55.0,MODERATE
1.221,5.49,89.1,HIGH
1.067,7.26,51.4,MODERATE
1.125,4.33,52.0,HIGH
0.984,8.27,30.9,LOW
1.016,8.49,37.3,LOW
1.0,7.61,54.8,LOW
1.085,6.71,61.5,MODERATE
1.034,7.6,59.0,LOW
1.164,5.17,65.1,HIGH
0.981,7.48,24.6,LOW
1.179,5.93,58.2,HIGH
1.223,5.81,72.9,HIGH
1.029,8.35,39.1,LOW
1.226,4.08,83.3,HIGH
1.169,4.21,78.9,HIGH
1.152,5.52,82.4,HIGH
0.995,8.11,33.3,LOW
1.243,4.49,67.4,HIGH
1.06,7.95,28.9,LOW
0.974,8.08,58.1,LOW
0.961,7.72,55.5,LOW
1.057,6.38,56.3,MODERATE
1.244,4.33,68.6,HIGH
1.183,4.87,45.0,HIGH
1.075,6.37,73.5,MODERATE
1.211,5.19,64.8,HIGH
1.026,8.88,47.3,LOW
1.162,4.6,59.7,HIGH
1.051,6.42,61.9,MODERATE
1.092,7.26,36.8,MODERATE
1.124,5.09,82.8,HIGH
1.178,6.12,73.2,HIGH
1.055,7.92,32.2,LOW
1.115,5.11,76.8,HIGH
1.172,5.12,55.1,HIGH
1.092,6.13,30.2,MODERATE
1.125,4.39,45.0,HIGH
1.109,6.28,43.9,MODERATE
0.963,8.11,28.4,LOW
1.202,6.16,87.6,HIGH
1.213,5.42,48.6,HIGH
1.092,6.55,51.2,MODERATE
1.142,6.21,77.4,HIGH
0.999,8.42,43.7,LOW
1.026,7.04,51.3,LOW
1.063,6.85,37.2,MODERATE
1.008,8.36,20.9,LOW
1.063,8.48,27.3,LOW
1.058,6.59,68.1,MODERATE
1.224,4.44,50.9,HIGH
1.038,7.94,40.8,LOW
1.117,7.31,74.5,MODERATE
1.051,7.68,59.2,LOW
1.06,7.0,51.2,MODERATE
0.954,7.78,51.5,LOW
1.039,7.92,58.5,LOW
1.11,6.12,68.9,MODERATE
1.045,6.02,37.0,MODERATE
1.136,6.27,43.4,HIGH
0.95,8.64,59.2,LOW
1.107,6.04,46.3,MODERATE
1.044,6.77,58.0,MODERATE
1.148,5.85,41.4,HIGH
1.035,7.15,38.0,MODERATE
1.105,4.47,78.5,HIGH
1.066,6.28,52.5,MODERATE
1.039,7.12,40.5,MODERATE
1.113,4.59,73.5,HIGH
1.219,5.54,72.8,HIGH
0.99,8.14,33.9,LOW
1.059,7.46,22.0,LOW
1.045,7.76,44.0,LOW
1.041,6.36,45.9,MODERATE
1.219,5.34,59.1,HIGH
1.226,4.17,77.3,HIGH
1.119,6.41,54.3,MODERATE
1.085,6.72,39.2,MODERATE
1.115,6.63,45.1,MODERATE
0.966,7.62,38.2,LOW
0.983,7.19,36.6,LOW
1.053,6.61,48.5,MODERATE
0.981,8.88,53.6,LOW
1.091,6.04,68.3,MODERATE
1.037,7.11,51.7,MODERATE
1.069,7.31,43.0,MODERATE
1.221,4.41,69.2,HIGH
1.062,6.62,34.0,MODERATE
1.119,5.81,69.5,HIGH
1.174,5.9,76.2,HIGH
1.096,7.02,39.5,MODERATE
1.221,5.51,61.6,HIGH
1.24,5.02,64.9,HIGH
1.065,8.46,42.1,LOW
1.146,4.43,48.6,HIGH
1.208,5.29,53.4,HIGH
1.1,7.43,52.7,MODERATE
0.96,7.83,24.1,LOW
1.102,7.18,61.2,MODERATE
0.975,7.32,44.9,LOW
1.034,7.28,51.1,MODERATE
1.107,6.73,48.6,MODERATE
1.156,4.25,41.7,HIGH
1.062,7.91,42.0,LOW
1.038,7.12,44.3,MODERATE
1.238,5.49,62.9,HIGH
1.085,6.76,40.5,MODERATE
1.238,4.45,48.3,HIGH
1.202,5.21,52.3,HIGH
1.089,4.98,70.5,HIGH
1.069,7.37,25.8,LOW
1.02,7.8,51.9,LOW
1.077,7.47,70.4,MODERATE
1.161,4.06,60.2,HIGH
1.058,6.31,52.4,MODERATE
0.966,8.95,28.6,LOW
1.079,7.45,70.3,MODERATE
1.101,7.24,43.7,MODERATE
1.106,5.21,83.8,HIGH
1.114,6.85,31.6,MODERATE
1.227,4.47,87.5,HIGH
1.089,6.11,61.0,MODERATE
1.08,7.21,39.3,MODERATE
0.995,7.74,41.3,LOW
1.115,6.57,43.1,MODERATE
1.103,6.4,42.6,HIGH
1.15,4.95,74.4,HIGH
1.086,6.83,46.5,MODERATE
1.133,5.71,55.2,HIGH
1.171,6.27,68.0,HIGH
1.165,4.59,88.9,HIGH
1.119,6.28,33.2,MODERATE
1.055,6.15,54.6,MODERATE
1.052,7.32,31.7,LOW
1.101,6.8,40.3,MODERATE
1.02,7.44,20.1,LOW
0.958,8.44,26.6,LOW
1.21,5.71,67.4,HIGH
1.016,8.24,45.7,LOW
0.959,8.74,35.8,LOW
0.963,8.42,20.9,LOW
1.024,7.08,46.2,LOW
1.042,6.9,30.2,MODERATE
1.094,6.32,71.8,MODERATE
1.073,6.32,57.4,MODERATE
1.084,6.04,50.9,MODERATE
1.078,6.7,59.3,MODERATE
1.224,6.13,89.1,HIGH
1.069,6.11,38.1,MODERATE
1.067,7.31,35.6,LOW
1.03,7.3,37.5,MODERATE
1.152,4.59,69.0,HIGH
0.975,8.77,45.7,LOW
0.973,8.44,52.0,LOW
1.063,7.12,49.8,MODERATE
1.057,8.51,49.8,LOW
1.109,6.35,48.2,MODERATE
0.964,7.02,40.1,LOW
1.023,8.45,23.0,LOW
1.11,6.25,49.3,MODERATE
1.236,4.21,85.7,HIGH
0.996,7.35,55.3,LOW
0.965,8.08,34.7,LOW
1.096,6.96,51.8,MODERATE
1.171,4.03,49.6,HIGH
1.059,7.49,31.7,LOW
1.089,7.05,47.0,MODERATE
1.075,6.82,52.0,MODERATE
1.065,7.1,52.3,MODERATE
1.043,7.91,59.0,LOW
0.993,7.7,38.5,LOW
0.952,7.71,45.4,LOW
1.105,6.32,73.1,MODERATE
1.062,7.19,43.4,MODERATE
0.969,8.96,52.5,LOW
1.115,5.84,69.2,HIGH
1.13,5.08,66.4,HIGH
1.16,4.59,45.9,HIGH
1.0,8.12,45.5,LOW
1.084,6.27,33.8,MODERATE
1.032,8.85,43.5,LOW
1.244,4.75,71.5,HIGH
0.962,7.2,30.5,LOW
0.993,8.16,50.1,LOW
1.081,6.67,50.2,MODERATE
1.036,7.02,41.3,MODERATE
1.114,6.03,70.3,MODERATE
0.993,7.44,21.9,LOW
1.068,6.7,38.1,MODERATE
1.09,6.88,73.0,MODERATE
1.099,6.64,43.8,MODERATE
1.14,4.73,85.4,HIGH
1.034,7.13,36.7,LOW
1.069,6.28,54.9,MODERATE
1.024,8.09,46.5,LOW
1.114,6.58,47.6,MODERATE
1.16,4.24,49.3,HIGH
0.956,8.61,47.7,LOW
1.092,7.05,57.0,MODERATE
1.092,5.32,72.0,HIGH
1.105,6.47,67.3,MODERATE
1.115,4.59,80.8,HIGH
1.216,6.46,62.1,HIGH
1.103,6.13,69.3,MODERATE
1.068,6.3,68.1,MODERATE
1.108,4.11,68.2,HIGH
1.119,6.33,44.8,MODERATE
1.069,7.71,50.9,LOW
1.201,5.64,55.2,HIGH
1.085,6.8,56.5,MODERATE
1.01,8.95,42.2,LOW
1.117,6.16,32.2,MODERATE
1.082,5.03,89.8,HIGH
1.156,6.18,77.3,HIGH
1.168,4.36,54.0,HIGH
1.04,7.44,24.2,LOW
1.018,7.49,28.3,LOW
1.057,8.19,33.4,LOW
1.1,5.51,50.1,HIGH
1.09,7.04,49.9,MODERATE
1.087,6.43,30.4,MODERATE
1.07,6.38,66.7,MODERATE
1.22,5.52,67.9,HIGH
1.08,6.16,33.7,MODERATE
1.14,5.69,71.4,HIGH
1.031,7.01,33.3,LOW
1.093,7.26,47.1,MODERATE
0.969,8.02,46.4,LOW
1.212,5.96,69.5,HIGH
1.232,5.58,53.7,HIGH
0.996,8.73,36.7,LOW
1.074,6.5,51.5,MODERATE
1.119,5.13,89.4,HIGH
1.11,6.8,32.4,MODERATE
0.965,8.46,34.3,LOW
1.015,8.66,56.7,LOW
1.12,7.1,48.6,MODERATE
1.026,7.92,53.8,LOW
1.002,8.74,20.0,LOW
0.964,7.08,39.3,LOW
1.031,6.66,73.6,MODERATE
0.979,7.31,37.0,LOW
1.03,7.36,40.8,MODERATE
1.056,6.28,69.4,MODERATE
1.024,8.47,36.0,LOW
1.151,5.49,59.1,HIGH
1.248,6.14,64.7,HIGH
1.06,8.95,23.4,LOW
1.244,4.41,68.8,HIGH
1.174,5.22,56.5,HIGH
1.181,6.1,44.0,HIGH
1.058,6.91,38.9,MODERATE
1.163,5.94,48.8,HIGH
1.076,7.01,73.0,MODERATE
1.078,7.45,48.7,MODERATE
0.982,7.15,47.8,LOW
1.073,7.18,38.2,MODERATE
1.248,4.54,84.1,HIGH
1.047,6.22,72.3,MODERATE
0.999,8.66,51.3,LOW
1.233,5.84,78.4,HIGH
1.113,5.69,77.8,HIGH
1.034,7.83,51.0,LOW
1.246,4.41,88.0,HIGH
1.23,5.92,60.7,HIGH
1.152,4.33,81.7,HIGH
1.013,7.75,37.8,LOW
1.012,7.74,32.3,LOW
1.054,7.12,47.5,MODERATE
0.98,7.17,34.5,LOW
1.039,7.04,32.8,MODERATE
1.048,7.17,31.1,MODERATE
1.098,7.17,59.5,MODERATE
0.965,8.16,30.8,LOW
1.079,6.36,65.7,MODERATE
0.98,7.34,47.1,LOW
1.049,6.73,63.6,MODERATE
1.022,8.99,36.2,LOW
1.119,6.82,71.6,MODERATE
1.116,6.09,73.5,MODERATE
1.041,7.33,53.0,MODERATE
1.117,5.86,57.1,HIGH
1.22,5.36,71.5,HIGH
1.091,5.85,56.3,HIGH
0.998,7.3,39.2,LOW
1.043,7.46,74.7,MODERATE
1.1,6.43,51.3,MODERATE
1.227,5.7,88.3,HIGH
1.065,7.8,33.2,LOW
1.146,5.57,43.8,HIGH
1.056,6.92,35.6,MODERATE
1.141,4.04,70.5,HIGH
1.217,6.3,75.0,HIGH
1.052,6.76,48.8,MODERATE
1.225,5.94,53.9,HIGH
1.167,5.24,83.1,HIGH
1.196,4.64,54.4,HIGH
1.001,8.35,36.5,LOW
1.058,6.65,53.7,MODERATE
1.08,4.41,40.4,HIGH
1.191,6.46,55.7,HIGH
1.118,6.67,42.6,MODERATE
1.017,8.59,42.9,LOW
1.065,6.27,48.7,MODERATE
1.199,6.05,50.5,HIGH
1.031,6.72,70.5,MODERATE
0.985,7.59,44.4,LOW
1.098,6.01,40.1,HIGH
1.057,7.1,49.5,LOW
1.042,6.86,53.9,MODERATE
1.063,7.13,64.1,MODERATE
1.106,4.6,65.9,HIGH
1.129,5.38,82.5,HIGH
0.969,7.25,55.4,LOW
1.035,8.58,28.8,LOW
1.244,5.86,44.5,HIGH
1.048,7.92,48.3,LOW
1.01,7.69,56.8,LOW
1.02,7.69,44.1,LOW
1.143,5.98,86.9,HIGH
1.109,5.69,85.9,HIGH
1.07,7.32,55.8,MODERATE
1.042,6.68,59.8,MODERATE
1.02,8.59,51.9,LOW
1.219,4.71,54.1,HIGH
0.963,7.25,48.7,LOW
1.05,6.93,63.8,MODERATE
0.96,8.09,22.3,LOW
1.074,6.13,41.0,MODERATE
1.158,5.54,53.9,HIGH
1.077,6.67,37.3,MODERATE
1.154,5.73,51.2,HIGH
1.155,4.84,83.1,HIGH
1.037,7.48,28.9,LOW
1.074,6.95,66.6,MODERATE
1.053,8.03,40.3,LOW
1.0,8.89,42.2,LOW
0.967,8.8,22.4,LOW
1.101,7.03,52.2,MODERATE
1.036,7.44,55.5,MODERATE
1.036,7.37,60.5,MODERATE
1.049,6.75,39.8,MODERATE
1.151,5.29,58.4,HIGH
1.121,4.94,55.8,HIGH
1.01,9.0,31.1,LOW
0.951,7.65,46.5,LOW
1.073,7.08,72.0,MODERATE
1.019,7.19,21.8,LOW
1.045,7.1,38.6,LOW
0.993,7.98,36.6,LOW
1.051,6.12,62.9,MODERATE
1.161,5.21,77.8,HIGH
1.044,7.13,37.8,MODERATE
1.1,4.84,44.1,HIGH
1.105,6.46,54.0,MODERATE
1.062,8.26,59.6,LOW
1.07,7.06,72.5,MODERATE
1.151,5.0,54.5,HIGH
1.145,4.72,64.1,HIGH
1.009,7.21,32.0,LOW
1.202,4.54,52.5,HIGH
1.074,7.41,57.5,MODERATE
0.999,7.59,56.3,LOW
0.96,8.74,24.8,LOW
1.035,7.92,55.7,LOW
1.198,4.64,74.4,HIGH
1.033,6.85,60.3,MODERATE
1.028,8.83,25.3,LOW
1.079,6.17,52.8,MODERATE
1.063,7.66,55.2,LOW
1.231,4.54,76.5,HIGH
1.159,5.94,84.6,HIGH
1.105,7.49,66.1,MODERATE
1.151,5.22,63.9,HIGH
1.003,8.63,28.6,LOW
1.123,5.56,87.4,HIGH
1.106,6.69,36.0,MODERATE
1.206,5.87,64.2,HIGH
0.955,7.81,30.5,LOW
1.074,6.96,63.5,MODERATE
1.053,8.22,32.4,LOW
1.12,4.12,42.0,HIGH
1.039,7.18,38.6,LOW
1.166,5.1,63.7,HIGH
1.059,7.05,37.3,MODERATE
1.203,4.61,42.0,HIGH
1.214,4.09,68.8,HIGH
0.973,8.18,32.8,LOW
0.98,7.99,35.2,LOW
1.111,6.43,73.1,MODERATE
1.031,6.33,31.8,MODERATE
0.983,7.98,29.1,LOW
1.091,7.35,41.8,MODERATE
1.107,6.56,65.6,MODERATE
1.102,6.41,63.3,MODERATE
1.046,7.13,59.9,MODERATE
1.112,6.57,40.6,MODERATE
1.198,5.91,78.6,HIGH
1.087,6.8,68.3,MODERATE
0.988,7.66,59.3,LOW
1.227,6.12,79.5,HIGH
1.052,7.4,45.2,MODERATE
1.109,4.38,87.4,HIGH
1.117,6.97,37.8,MODERATE
0.965,7.07,50.6,LOW
1.052,7.03,34.0,LOW
0.963,8.52,49.2,LOW
1.162,6.14,49.6,HIGH
1.125,5.59,76.4,HIGH
1.009,8.5,28.0,LOW
1.118,6.17,59.9,MODERATE
1.225,6.48,78.6,HIGH
1.081,6.8,66.6,MODERATE
1.061,7.63,46.8,LOW
1.11,6.33,64.0,MODERATE
1.11,5.9,44.5,HIGH
1.033,6.7,42.1,MODERATE
0.988,8.28,49.6,LOW
1.094,6.09,42.4,MODERATE
1.04,8.92,58.5,LOW
0.991,7.49,27.7,LOW
1.07,6.56,46.4,MODERATE
1.098,5.35,64.8,HIGH
1.132,6.01,67.1,HIGH
1.03,7.38,25.7,LOW
0.98,7.57,45.9,LOW
1.109,5.43,40.9,HIGH
1.117,5.69,65.1,HIGH
1.1,4.38,80.5,HIGH
1.034,8.27,36.3,LOW
1.051,6.51,33.9,MODERATE
1.157,4.58,80.7,HIGH
1.219,6.32,41.6,HIGH
1.11,6.05,49.6,MODERATE
0.993,7.95,41.7,LOW
1.154,4.63,53.3,HIGH
0.968,8.16,38.3,LOW
1.055,8.74,24.7,LOW
1.096,6.56,44.9,MODERATE
1.055,7.51,52.9,LOW
1.19,5.59,70.8,HIGH
1.09,6.51,67.2,MODERATE
0.969,8.51,41.6,LOW
1.23,5.06,89.7,HIGH
1.089,7.27,74.3,MODERATE
1.076,6.33,44.0,MODERATE
0.979,7.6,23.6,LOW
1.05,7.77,43.8,LOW
0.979,7.33,51.1,LOW
0.958,8.58,34.9,LOW
0.987,7.47,51.2,LOW
1.015,7.69,44.4,LOW
1.018,7.17,53.3,LOW
0.971,8.57,50.1,LOW
1.085,4.61,68.3,HIGH
1.039,7.8,54.9,LOW
1.062,7.21,66.8,MODERATE
1.16,5.94,88.8,HIGH
1.088,6.69,30.9,MODERATE
1.236,5.84,69.2,HIGH
1.104,6.31,66.7,MODERATE
1.108,6.49,48.1,MODERATE
1.01,7.06,35.0,LOW
1.072,6.66,66.5,MODERATE
1.038,7.46,44.2,MODERATE
1.23,6.18,77.1,HIGH
0.971,7.97,57.4,LOW
1.117,6.77,58.2,MODERATE
1.082,6.78,41.2,MODERATE
1.124,6.38,88.2,HIGH
1.219,4.17,45.0,HIGH
1.069,8.98,43.6,LOW
1.085,6.34,35.9,MODERATE
1.068,7.11,40.2,MODERATE
1.124,4.81,44.5,HIGH
1.068,6.16,70.9,MODERATE
1.135,6.13,89.9,HIGH
0.988,8.31,41.1,LOW
1.054,6.71,62.1,MODERATE
1.077,6.86,36.7,MODERATE
1.111,5.65,45.2,HIGH
1.124,5.78,83.2,HIGH
1.24,4.53,68.9,HIGH
1.128,4.6,79.8,HIGH
1.033,7.16,55.8,LOW
1.059,8.14,20.0,LOW
1.048,6.59,55.8,MODERATE
0.981,7.97,26.9,LOW
1.132,5.29,85.6,HIGH
1.029,8.38,52.8,LOW
1.243,6.31,87.3,HIGH
1.032,6.34,46.5,MODERATE
0.96,8.75,54.9,LOW
1.069,8.04,27.9,LOW
1.065,7.47,65.7,MODERATE
1.119,6.54,65.8,MODERATE
0.981,7.56,41.8,LOW
1.09,6.86,55.5,MODERATE
1.087,5.58,88.0,HIGH
1.115,4.89,66.9,HIGH
1.016,8.6,33.5,LOW
1.003,7.02,47.4,LOW
1.146,4.84,74.8,HIGH
1.096,6.17,59.6,MODERATE
0.972,8.18,32.9,LOW
1.164,6.43,46.6,HIGH
1.019,8.25,55.7,LOW
1.148,4.79,52.3,HIGH
1.11,6.76,59.0,MODERATE
1.233,4.89,63.3,HIGH
0.967,8.68,31.3,LOW
1.087,6.46,40.3,MODERATE
1.105,4.96,87.4,HIGH
1.082,6.11,48.7,MODERATE
1.063,7.38,34.5,LOW
1.132,5.4,56.4,HIGH
1.053,7.06,60.9,MODERATE
1.024,8.56,32.3,LOW
1.098,6.34,39.8,MODERATE
1.092,4.84,44.0,HIGH
0.954,8.83,41.7,LOW
1.154,6.12,56.1,HIGH
1.014,7.64,40.6,LOW
1.019,7.89,38.5,LOW
1.017,7.85,20.2,LOW
1.04,7.35,56.1,MODERATE
1.211,5.53,88.4,HIGH
0.995,8.81,46.7,LOW
1.077,6.09,55.1,MODERATE
1.113,7.16,67.4,MODERATE
0.972,7.44,37.0,LOW
1.068,6.41,65.2,MODERATE
0.992,7.5,37.4,LOW
1.103,7.25,32.0,MODERATE
1.031,8.18,40.7,LOW
1.067,7.07,55.4,MODERATE
1.031,8.83,38.1,LOW
1.142,5.16,85.5,HIGH
1.059,7.82,45.7,LOW
1.045,6.16,37.2,MODERATE
1.245,5.11,82.8,HIGH
1.039,7.55,22.8,LOW
1.086,7.17,64.2,MODERATE
1.021,7.1,31.8,LOW
1.137,5.42,78.5,HIGH
1.022,8.98,29.4,LOW
1.2,5.38,72.4,HIGH
1.124,5.17,75.0,HIGH
1.044,6.47,44.1,MODERATE
1.151,6.12,62.5,HIGH
1.072,7.06,43.1,MODERATE
1.014,8.82,23.3,LOW
1.22,5.35,62.2,HIGH
1.143,6.19,44.7,HIGH
1.091,6.21,54.2,MODERATE
1.036,6.81,43.2,MODERATE
1.051,7.9,54.2,LOW
0.954,8.06,42.5,LOW
1.01,8.67,50.5,LOW
1.084,4.69,79.0,HIGH
1.036,7.06,72.0,MODERATE
1.081,4.47,47.2,HIGH
1.025,8.96,58.6,LOW
0.969,8.98,25.5,LOW
1.079,7.2,42.1,MODERATE
1.117,7.36,41.7,MODERATE
1.078,6.18,36.5,MODERATE
1.135,5.49,51.3,HIGH
1.185,5.0,83.7,HIGH
1.222,4.31,79.5,HIGH
1.093,6.47,30.4,MODERATE
1.097,7.06,30.5,MODERATE
1.04,8.26,52.2,LOW
1.15,4.41,46.6,HIGH
1.055,7.19,26.3,LOW
1.125,6.34,47.9,HIGH
1.117,5.67,79.5,HIGH
1.046,6.48,74.3,MODERATE
1.034,6.02,50.3,MODERATE
1.037,8.01,56.2,LOW
1.059,6.98,64.5,MODERATE
0.996,7.61,31.0,LOW
1.176,5.57,69.8,HIGH
1.044,7.16,44.0,LOW
1.099,4.77,45.0,HIGH
1.029,8.01,38.9,LOW
1.105,6.9,65.8,MODERATE
0.966,7.42,40.7,LOW
1.068,6.77,54.4,MODERATE
1.124,5.56,76.2,HIGH
1.033,7.26,31.8,MODERATE
1.064,7.38,61.7,MODERATE
0.968,7.16,48.6,LOW
1.046,7.09,51.5,MODERATE
1.041,7.04,45.1,MODERATE
1.045,8.56,48.9,LOW
1.092,6.85,58.2,MODERATE
1.121,5.6,52.8,HIGH
1.049,7.16,52.8,MODERATE
0.996,8.88,40.5,LOW
1.161,6.28,48.8,HIGH
0.998,7.44,59.1,LOW
1.189,5.79,68.9,HIGH
1.084,4.38,57.2,HIGH
1.072,7.15,37.0,MODERATE
1.055,6.36,60.3,MODERATE
1.031,8.18,23.0,LOW
1.232,6.45,70.6,HIGH
1.004,7.69,20.6,LOW
1.043,6.67,55.8,MODERATE
1.019,7.53,24.3,LOW
1.163,6.33,48.6,HIGH
1.037,6.93,58.7,MODERATE
1.059,7.13,36.0,MODERATE
1.059,6.98,46.9,MODERATE
1.089,5.39,57.7,HIGH
1.042,6.51,48.8,MODERATE
1.044,7.43,43.8,LOW
1.005,7.46,26.6,LOW
1.021,7.31,38.9,LOW
1.055,6.28,63.2,MODERATE
1.214,4.93,41.6,HIGH
1.027,7.08,31.5,LOW
1.138,4.31,44.2,HIGH
1.09,6.56,38.4,MODERATE
1.126,5.1,62.8,HIGH
1.076,6.25,43.9,MODERATE
0.996,7.04,28.9,LOW
0.988,7.81,31.8,LOW
0.977,7.09,51.2,LOW
1.007,8.58,49.1,LOW
1.092,5.84,52.0,HIGH
1.119,5.62,79.4,HIGH
1.071,6.22,58.1,MODERATE
1.042,6.42,48.7,MODERATE
1.142,5.06,48.9,HIGH
1.049,7.4,29.2,LOW
1.239,4.29,65.2,HIGH
1.094,6.81,40.9,MODERATE
1.105,6.51,41.6,MODERATE
0.979,8.33,20.7,LOW
1.108,7.05,36.6,MODERATE
0.983,8.73,56.6,LOW
1.17,4.09,83.6,HIGH
1.044,7.83,50.8,LOW
1.119,7.11,69.6,MODERATE
1.03,7.64,45.7,LOW
1.011,8.21,53.7,LOW
0.973,8.31,52.2,LOW
1.104,7.07,44.9,MODERATE
1.066,6.34,38.1,MODERATE
1.052,7.48,70.3,MODERATE
0.977,8.6,38.9,LOW
1.183,6.3,88.6,HIGH
1.083,6.99,52.2,MODERATE
1.032,6.07,31.2,MODERATE
1.032,6.36,32.9,MODERATE
1.034,6.33,74.6,MODERATE
0.99,8.15,25.2,LOW
1.108,6.18,37.9,MODERATE
0.965,8.71,46.4,LOW
1.096,5.67,43.3,HIGH
0.982,7.67,33.6,LOW
1.137,5.51,41.9,HIGH
0.975,8.55,29.4,LOW
1.071,7.27,68.4,MODERATE
1.227,5.49,45.1,HIGH
0.958,8.56,56.9,LOW
0.997,8.12,42.8,LOW
1.223,5.99,60.9,HIGH
1.047,7.14,25.3,LOW
0.953,7.42,32.7,LOW
0.974,8.39,23.8,LOW
1.024,7.37,20.2,LOW
1.187,4.3,83.2,HIGH
0.997,8.36,37.1,LOW
1.184,4.38,40.5,HIGH
1.218,6.17,59.6,HIGH
1.216,5.51,85.0,HIGH
1.017,8.29,26.9,LOW
0.998,8.74,33.4,LOW
1.039,6.53,60.2,MODERATE
1.052,8.17,52.1,LOW
1.076,6.53,66.8,MODERATE
1.157,6.06,80.6,HIGH
1.225,6.19,76.4,HIGH
1.209,4.72,75.6,HIGH
1.201,4.04,65.9,HIGH
1.229,4.27,76.5,HIGH
1.031,6.48,61.3,MODERATE
1.031,6.63,38.3,MODERATE
1.237,5.15,41.9,HIGH
1.081,6.17,68.8,HIGH
1.159,5.99,52.3,HIGH
1.083,6.2,66.7,MODERATE
1.052,6.38,68.9,MODERATE
1.065,6.32,60.5,MODERATE
1.03,8.05,25.4,LOW
0.998,8.88,59.8,LOW
1.024,8.89,45.4,LOW
1.121,5.15,40.8,HIGH
1.21,4.45,51.9,HIGH
1.035,7.13,54.5,MODERATE
1.102,7.2,30.5,MODERATE
1.034,8.39,49.9,LOW
1.046,8.14,39.1,LOW
1.029,7.58,28.8,LOW
1.242,4.33,77.3,HIGH
1.217,5.74,54.7,HIGH
0.967,8.53,58.7,LOW
1.1,5.84,80.1,HIGH
1.039,7.11,36.5,MODERATE
1.17,4.37,48.2,HIGH
1.153,5.01,61.6,HIGH
1.064,6.58,34.5,MODERATE
0.962,8.25,47.8,LOW
1.082,4.1,86.9,HIGH
1.055,6.3,52.7,MODERATE
1.089,7.17,58.7,MODERATE
1.064,7.36,56.5,LOW
1.25,6.29,87.1,HIGH
0.961,8.04,38.3,LOW
0.951,7.24,44.1,LOW
1.21,5.8,89.8,HIGH
1.1,6.2,46.3,MODERATE
1.171,5.1,49.9,HIGH
1.003,7.05,42.7,LOW
1.079,7.18,61.1,MODERATE
1.178,4.62,85.3,HIGH
1.091,6.26,74.1,HIGH
1.091,7.12,64.0,MODERATE
1.059,7.5,36.4,MODERATE
1.031,8.36,38.3,LOW
1.104,5.26,53.7,HIGH
1.186,4.53,49.3,HIGH
0.999,8.6,46.5,LOW
0.983,8.94,52.7,LOW
1.034,6.31,40.0,MODERATE
1.062,6.88,55.7,MODERATE
1.18,5.83,86.8,HIGH
0.959,8.52,43.7,LOW
0.991,8.82,57.8,LOW
0.975,8.24,25.3,LOW
1.112,6.25,35.1,MODERATE
1.023,8.69,22.3,LOW
1.03,8.0,29.2,LOW
1.161,4.63,88.3,HIGH
1.044,7.06,24.5,LOW
1.095,4.22,67.4,HIGH
1.061,6.66,35.9,MODERATE
1.151,5.16,59.1,HIGH
1.074,7.13,42.6,MODERATE
1.119,7.1,43.3,MODERATE
1.061,8.35,51.8,LOW
1.099,6.17,53.9,HIGH
1.178,6.15,79.0,HIGH
1.128,4.99,42.2,HIGH
1.013,8.59,47.3,LOW
1.07,6.63,54.0,MODERATE
1.03,7.77,44.5,LOW
1.155,5.66,85.9,HIGH
1.115,6.47,71.4,MODERATE
1.028,7.22,30.4,LOW
1.105,7.17,63.1,MODERATE
1.189,5.31,81.2,HIGH
1.147,4.68,58.6,HIGH
1.177,4.23,45.5,HIGH
1.079,6.04,50.2,MODERATE
1.078,7.12,52.0,MODERATE
1.079,6.56,57.8,MODERATE
1.199,4.51,82.9,HIGH
1.112,6.39,73.1,MODERATE
1.212,4.93,60.4,HIGH
1.069,6.17,66.8,MODERATE
1.105,5.25,49.9,HIGH
1.035,6.83,32.5,MODERATE
1.014,7.48,37.5,LOW
0.979,8.27,33.0,LOW
0.956,7.72,20.3,LOW
1.082,6.4,75.4,HIGH
1.021,7.76,38.7,LOW
1.246,6.33,90.0,HIGH
1.171,5.13,51.6,HIGH
1.044,6.19,70.4,MODERATE
1.03,8.94,39.6,LOW
1.092,6.84,53.5,MODERATE
1.195,4.9,63.2,HIGH
0.963,8.85,37.4,LOW
1.102,7.03,73.1,MODERATE
1.14,5.74,77.5,HIGH
1.048,6.85,39.8,MODERATE
1.042,7.6,29.8,LOW
1.027,7.0,26.2,LOW
1.107,6.37,52.8,MODERATE
1.034,6.71,46.0,MODERATE
0.951,7.52,29.4,LOW
1.105,7.22,72.3,MODERATE
0.986,8.37,37.8,LOW
1.056,7.74,34.8,LOW
1.203,5.66,70.0,HIGH
1.092,6.4,61.4,MODERATE
1.086,5.92,75.6,HIGH
1.082,7.11,40.3,MODERATE
1.075,6.75,67.7,MODERATE
1.045,7.81,33.4,LOW
1.061,7.22,48.9,MODERATE
0.997,7.05,49.9,LOW
1.074,7.48,42.4,MODERATE
1.144,4.55,62.7,HIGH
1.201,6.15,53.0,HIGH
1.054,6.15,54.5,MODERATE
1.049,7.75,34.9,LOW
1.106,6.11,46.5,MODERATE
1.17,5.19,73.6,HIGH
1.067,6.17,59.4,MODERATE
1.029,8.46,23.7,LOW
1.184,5.58,82.9,HIGH
1.139,5.84,73.6,HIGH
1.107,7.37,45.2,MODERATE
1.061,8.44,33.8,LOW
1.007,7.34,32.9,LOW
1.149,6.42,66.3,HIGH
1.166,6.21,47.7,HIGH
1.095,6.83,42.7,MODERATE
1.077,6.45,49.0,MODERATE
1.055,7.13,30.7,MODERATE
0.992,7.83,21.9,LOW
1.247,4.46,69.1,HIGH
1.014,8.82,55.9,LOW
1.181,4.69,67.5,HIGH
1.188,4.3,48.3,HIGH
1.107,7.07,64.4,MODERATE
1.179,6.31,74.1,HIGH
1.074,6.75,59.4,MODERATE
1.063,6.07,40.3,MODERATE
1.004,8.44,25.5,LOW
1.217,4.2,87.1,HIGH
1.054,8.1,29.2,LOW
0.971,8.39,47.1,LOW
1.249,4.27,61.1,HIGH
0.98,7.72,47.5,LOW
1.11,6.07,74.3,MODERATE
1.108,6.33,72.4,MODERATE
1.077,7.16,42.1,MODERATE
1.215,6.11,65.8,HIGH
1.043,6.69,54.7,MODERATE
1.012,7.1,36.6,LOW
1.098,7.14,69.2,MODERATE
1.089,7.35,61.8,MODERATE
1.157,5.58,69.1,HIGH
1.044,6.52,35.6,MODERATE
1.119,6.49,50.4,MODERATE
0.957,8.77,47.2,LOW
1.059,7.91,49.3,LOW
1.2,5.9,82.7,HIGH
1.098,7.15,54.2,MODERATE
1.107,6.31,67.1,HIGH
1.067,7.32,72.1,MODERATE
1.185,4.91,53.9,HIGH
1.02,8.88,34.3,LOW
1.108,7.24,65.6,MODERATE
1.094,6.43,52.0,MODERATE
1.154,4.68,50.5,HIGH
1.067,6.55,65.9,MODERATE
0.951,7.75,24.5,LOW
1.212,5.66,85.2,HIGH
1.062,7.18,57.6,LOW
0.951,7.29,45.1,LOW
1.073,7.4,47.2,MODERATE
1.058,7.56,26.9,LOW
1.137,4.68,47.2,HIGH
1.069,7.23,33.5,MODERATE
1.132,5.19,84.6,HIGH
1.194,4.72,52.1,HIGH
1.134,5.95,83.7,HIGH
1.152,4.11,78.0,HIGH
1.04,7.29,58.0,LOW
0.958,8.23,35.7,LOW
1.038,6.55,65.4,MODERATE
1.043,6.42,73.9,MODERATE
1.185,6.39,67.0,HIGH
1.084,5.99,54.2,HIGH
0.961,8.65,31.8,LOW
1.037,8.52,34.9,LOW
1.104,6.43,63.9,HIGH
0.974,8.94,42.7,LOW
1.058,8.93,34.3,LOW
1.039,6.56,52.2,MODERATE
1.101,4.24,76.4,HIGH
1.113,7.0,63.3,MODERATE
1.231,5.09,72.4,HIGH
0.974,7.06,36.1,LOW
1.169,5.22,49.3,HIGH
0.987,7.3,59.0,LOW
0.993,8.62,45.0,LOW
1.028,8.16,21.1,LOW
1.105,4.15,75.6,HIGH
1.039,7.75,55.8,LOW
1.05,8.41,38.5,LOW
1.09,7.11,45.3,MODERATE
0.996,7.28,31.5,LOW
1.219,4.66,56.7,HIGH
1.218,4.28,71.4,HIGH
1.193,5.13,47.0,HIGH
1.068,7.08,42.3,LOW
0.994,7.41,59.6,LOW
1.022,8.64,42.6,LOW
1.182,4.63,67.8,HIGH
1.192,4.1,89.5,HIGH
1.23,5.79,86.8,HIGH
1.116,6.07,55.5,MODERATE
1.065,6.98,53.8,MODERATE
0.974,7.73,40.7,LOW
1.033,7.66,44.4,LOW
1.046,6.41,71.9,MODERATE
1.194,4.94,45.5,HIGH
1.063,7.5,74.5,MODERATE
1.138,5.43,56.7,HIGH
1.197,4.96,89.6,HIGH
1.112,4.04,63.0,HIGH
1.118,6.99,68.0,MODERATE
1.124,4.79,71.6,HIGH
1.102,4.44,74.2,HIGH
0.977,7.33,26.1,LOW
1.158,6.48,78.5,HIGH
1.051,6.67,72.8,MODERATE
0.987,8.63,40.6,LOW
0.968,8.82,46.9,LOW
1.248,4.1,88.5,HIGH
1.023,8.62,57.3,LOW
1.185,5.17,52.0,HIGH
1.061,6.23,63.2,MODERATE
1.037,7.33,62.3,MODERATE
1.115,6.24,48.7,MODERATE
1.16,4.53,77.5,HIGH
1.091,6.62,55.0,MODERATE
1.043,7.31,26.4,LOW
1.047,7.07,55.1,MODERATE
1.047,6.2,74.5,MODERATE
0.991,8.65,55.3,LOW
1.096,6.4,71.9,MODERATE
1.088,7.49,31.3,MODERATE
1.051,7.06,36.9,MODERATE
1.136,4.89,54.9,HIGH
1.069,7.47,51.0,MODERATE
1.118,5.3,55.9,HIGH
1.047,7.04,58.9,MODERATE
1.083,6.23,61.8,HIGH
1.098,7.46,42.8,MODERATE
1.065,6.7,46.5,MODERATE
1.013,7.35,45.9,LOW
1.116,5.17,63.4,HIGH
1.095,6.58,55.3,MODERATE
1.034,8.0,45.9,LOW
1.209,4.28,46.9,HIGH
1.096,6.49,59.4,MODERATE
1.053,6.34,36.3,MODERATE
1.09,6.91,70.3,MODERATE
1.08,6.15,34.9,MODERATE
1.118,6.81,72.0,MODERATE
1.1,5.47,62.1,HIGH
1.057,8.08,20.0,LOW
1.07,7.42,37.7,MODERATE
1.084,6.33,54.7,MODERATE
1.049,8.71,45.2,LOW
0.998,7.18,23.4,LOW
1.059,6.61,71.3,MODERATE
1.236,4.72,45.0,HIGH
1.073,6.21,40.6,MODERATE
1.1,6.27,68.4,HIGH
1.07,7.16,60.5,MODERATE
1.13,6.31,70.5,HIGH
1.121,6.04,68.3,HIGH
1.107,4.87,56.6,HIGH
1.1,6.66,55.6,MODERATE
1.021,7.78,40.7,LOW
1.093,6.17,73.9,HIGH
1.063,7.38,65.8,MODERATE
1.027,7.16,29.6,LOW
1.164,4.89,49.1,HIGH
1.195,5.24,70.3,HIGH
1.062,6.28,55.8,MODERATE
1.163,4.6,51.7,HIGH
1.092,7.07,61.6,MODERATE
0.962,8.46,28.6,LOW
1.045,7.87,20.3,LOW
1.045,6.94,48.4,MODERATE
1.202,5.11,51.6,HIGH
1.073,7.28,55.5,MODERATE
0.963,8.51,49.6,LOW
1.031,7.12,39.6,MODERATE
0.985,8.65,40.5,LOW
0.967,8.47,21.2,LOW
1.008,7.27,21.5,LOW
1.004,8.49,58.9,LOW
0.997,8.4,23.5,LOW
1.122,4.34,51.7,HIGH
1.192,6.1,71.7,HIGH
1.11,6.41,73.1,MODERATE
1.055,6.98,60.4,MODERATE
1.071,6.13,56.9,MODERATE
1.0,7.57,54.2,LOW
0.952,7.67,30.0,LOW
1.034,8.5,49.3,LOW
1.236,4.52,45.7,HIGH
1.165,4.63,71.0,HIGH
0.976,8.23,38.2,LOW
1.099,7.2,45.4,MODERATE
1.027,7.52,21.0,LOW
0.994,7.41,38.0,LOW
1.077,7.31,73.5,MODERATE
1.068,7.6,28.8,LOW
0.951,8.46,41.7,LOW
0.972,7.4,45.8,LOW
0.994,8.4,29.8,LOW
1.111,6.52,74.5,MODERATE
1.081,5.7,80.6,HIGH
0.965,8.17,41.0,LOW
1.047,7.53,23.6,LOW
1.211,5.71,79.8,HIGH
1.036,7.52,25.6,LOW
1.058,7.7,48.9,LOW
1.232,4.77,69.3,HIGH
1.088,6.31,40.2,MODERATE
1.233,6.26,78.0,HIGH
1.099,4.03,84.3,HIGH
1.064,7.25,53.0,MODERATE
0.987,7.0,36.7,LOW
1.061,6.81,73.5,MODERATE
1.037,7.07,28.1,LOW
1.013,8.61,40.2,LOW
1.057,7.29,38.2,MODERATE
1.102,7.13,56.2,MODERATE
0.968,8.36,48.0,LOW
1.031,6.66,40.4,MODERATE
1.208,5.46,55.6,HIGH
1.187,5.55,75.2,HIGH
1.013,7.6,35.7,LOW
1.057,6.26,46.3,MODERATE
1.036,8.67,45.4,LOW
1.049,7.18,35.7,LOW
1.078,6.42,31.2,MODERATE
1.097,4.35,40.4,HIGH
1.041,8.06,44.7,LOW
1.195,5.93,63.9,HIGH
0.987,8.15,28.9,LOW
1.039,7.32,65.6,MODERATE
1.047,6.29,65.3,MODERATE
1.065,7.93,34.5,LOW
1.175,4.29,81.8,HIGH
1.038,6.08,67.4,MODERATE
1.01,8.75,57.7,LOW
1.057,8.05,40.9,LOW
1.124,6.37,44.2,HIGH
1.035,7.31,51.9,LOW
1.06,6.02,71.2,MODERATE
1.067,8.93,47.8,LOW
1.074,6.5,72.6,MODERATE
1.236,5.86,43.3,HIGH
1.204,5.1,54.1,HIGH
0.96,7.72,34.6,LOW
1.093,4.07,44.3,HIGH
1.106,6.25,42.3,MODERATE
1.092,6.75,57.4,MODERATE
1.109,6.22,65.9,MODERATE
1.041,6.57,49.2,MODERATE
1.205,5.89,60.5,HIGH
1.094,6.72,68.6,MODERATE
1.075,7.3,36.1,MODERATE
1.04,7.98,39.4,LOW
1.065,7.43,35.6,MODERATE
1.049,6.27,65.4,MODERATE
1.189,4.64,43.3,HIGH
1.039,7.3,61.9,MODERATE
1.244,5.83,84.2,HIGH
1.019,7.09,53.5,LOW
1.031,7.01,32.1,MODERATE
1.164,4.04,48.5,HIGH
1.068,7.17,52.9,LOW
1.104,4.47,52.9,HIGH
0.952,8.74,38.4,LOW
1.117,7.48,72.1,MODERATE
1.189,4.87,80.3,HIGH
1.048,6.8,35.1,MODERATE
1.088,7.14,64.9,MODERATE
0.966,8.77,38.9,LOW
1.129,5.05,50.2,HIGH
1.13,4.8,42.6,HIGH
1.198,6.44,78.4,HIGH
1.092,6.14,85.5,HIGH
1.128,5.19,42.8,HIGH
1.164,6.0,57.6,HIGH
1.017,7.86,58.7,LOW
1.089,5.43,47.7,HIGH
1.128,5.57,77.1,HIGH
1.046,6.21,68.0,MODERATE
1.037,7.45,35.7,LOW
1.106,6.44,60.4,MODERATE
1.077,6.29,49.0,MODERATE
1.074,6.27,52.5,MODERATE
1.034,6.47,31.1,MODERATE
1.084,7.34,45.8,MODERATE
1.186,5.09,49.9,HIGH
0.954,7.81,52.6,LOW
1.055,7.27,69.1,MODERATE
1.019,8.96,59.2,LOW
1.092,6.89,71.5,MODERATE
1.214,4.63,73.0,HIGH
1.117,7.37,52.5,MODERATE
1.154,4.22,76.3,HIGH
1.05,7.36,37.6,MODERATE
1.179,5.24,44.9,HIGH
1.098,5.08,89.5,HIGH
1.103,7.28,44.4,MODERATE
1.108,7.05,66.4,MODERATE
1.181,5.92,63.0,HIGH
0.992,7.35,51.4,LOW
1.137,5.11,69.9,HIGH
1.194,5.04,59.8,HIGH
1.161,6.0,50.6,HIGH
1.093,6.37,56.4,MODERATE
1.148,4.03,48.0,HIGH
1.041,7.23,31.9,MODERATE
1.033,7.45,44.9,MODERATE
1.243,6.48,53.1,HIGH
1.067,6.51,47.0,MODERATE
1.201,5.57,61.3,HIGH
1.242,5.86,86.4,HIGH
1.041,6.55,50.0,MODERATE
1.115,7.17,61.2,MODERATE
1.015,8.47,32.7,LOW
1.139,5.21,82.7,HIGH
1.087,6.08,42.9,MODERATE
0.958,8.73,31.2,LOW
1.066,7.22,32.1,LOW
0.969,8.83,37.8,LOW
1.187,4.87,82.9,HIGH
1.149,4.77,74.8,HIGH
1.249,5.61,79.5,HIGH
0.98,8.74,45.8,LOW
1.038,6.15,56.6,MODERATE
1.107,4.36,52.4,HIGH
1.002,8.39,39.9,LOW
1.018,8.34,52.1,LOW
1.087,5.97,60.1,HIGH
1.103,6.01,47.2,MODERATE
1.117,5.81,54.3,HIGH
1.013,7.82,39.8,LOW
1.089,7.25,69.1,MODERATE
1.033,7.42,26.0,LOW
1.118,6.25,37.0,MODERATE
1.175,4.61,47.6,HIGH
1.088,6.54,63.2,MODERATE
1.091,6.49,34.0,MODERATE
1.179,5.29,72.4,HIGH
0.987,7.45,25.0,LOW
1.164,4.17,58.6,HIGH
1.0,7.7,42.9,LOW
1.119,4.13,53.7,HIGH
1.111,6.21,64.5,MODERATE
1.058,8.8,21.3,LOW
1.088,7.0,42.6,MODERATE
1.11,6.25,64.8,MODERATE
1.112,7.46,39.9,MODERATE
0.984,7.91,50.3,LOW
0.979,7.06,24.5,LOW
1.004,7.51,35.4,LOW
1.096,4.44,68.4,HIGH
1.235,4.03,89.0,HIGH
1.211,5.04,72.7,HIGH
1.118,4.96,86.4,HIGH
1.058,6.1,61.9,MODERATE
1.039,6.46,73.2,MODERATE
0.95,7.09,30.9,LOW
1.03,6.7,38.4,MODERATE
1.023,7.57,47.7,LOW
1.041,7.12,69.4,MODERATE
1.019,8.07,51.6,LOW
1.057,6.53,36.7,MODERATE
1.102,6.06,38.1,MODERATE
1.237,4.97,55.4,HIGH
1.222,4.41,70.6,HIGH
1.142,5.46,72.3,HIGH
1.112,7.23,36.7,MODERATE
0.958,8.06,50.2,LOW
1.245,6.05,66.8,HIGH
1.083,6.79,50.0,MODERATE
1.05,7.17,28.7,LOW
0.963,7.66,40.1,LOW
1.099,7.08,66.3,MODERATE
1.06,7.49,41.7,MODERATE
1.187,5.47,54.9,HIGH
1.035,6.18,71.6,MODERATE
1.097,6.77,63.6,MODERATE
1.056,7.28,67.6,MODERATE
1.082,5.16,40.8,HIGH
1.038,7.9,56.6,LOW
1.048,7.45,46.1,MODERATE
1.047,6.39,73.0,MODERATE
1.191,4.9,85.2,HIGH
0.975,8.98,22.7,LOW
1.108,7.47,57.1,MODERATE
0.958,7.62,23.7,LOW
1.119,5.61,81.7,HIGH
1.044,7.38,44.3,LOW
1.214,5.22,87.3,HIGH
1.073,7.24,52.4,MODERATE
1.167,4.22,59.3,HIGH
1.017,7.22,51.9,LOW
0.958,7.27,45.9,LOW
1.062,7.21,33.5,LOW
1.143,4.83,75.8,HIGH
1.066,7.49,39.2,LOW
1.065,6.57,36.8,MODERATE
1.118,6.74,47.7,MODERATE
0.994,8.91,57.0,LOW
1.048,6.45,41.6,MODERATE
1.232,5.0,67.0,HIGH
0.973,7.31,43.9,LOW
0.974,8.82,21.1,LOW
1.111,6.36,52.3,MODERATE
1.083,7.22,64.3,MODERATE
1.2,6.04,85.0,HIGH
1.177,4.45,65.8,HIGH
1.234,4.59,48.4,HIGH
1.099,6.56,47.3,MODERATE
1.129,5.62,60.3,HIGH
1.036,7.78,34.6,LOW
0.998,8.48,59.8,LOW
1.07,7.46,32.1,MODERATE
0.972,8.25,29.1,LOW
1.04,6.15,42.6,MODERATE
1.008,8.46,55.0,LOW
1.107,6.48,54.1,MODERATE
1.113,6.57,37.0,MODERATE
1.12,4.45,67.5,HIGH
1.077,6.1,69.1,MODERATE
1.08,6.94,47.0,MODERATE
1.036,8.74,41.3,LOW
1.085,6.66,60.7,MODERATE
1.095,6.19,51.4,MODERATE
1.224,5.38,63.0,HIGH
1.1,4.76,67.4,HIGH
1.104,7.41,63.7,MODERATE
1.24,4.77,79.2,HIGH
1.166,5.32,83.3,HIGH
1.054,7.19,71.9,MODERATE
0.971,7.17,28.7,LOW
1.051,6.05,67.8,MODERATE
1.043,7.31,43.4,MODERATE
1.095,5.58,66.5,HIGH
1.084,4.16,41.4,HIGH
1.11,6.55,71.8,MODERATE
0.99,8.23,33.0,LOW
1.139,4.58,51.3,HIGH
1.226,4.54,42.9,HIGH
1.04,6.84,56.9,MODERATE
1.013,8.23,38.3,LOW
1.109,7.44,33.0,MODERATE
1.038,6.68,64.3,MODERATE
1.063,8.78,41.1,LOW
1.247,4.83,43.0,HIGH
0.961,8.87,42.2,LOW
1.208,6.31,52.3,HIGH
1.114,6.57,59.5,MODERATE
0.985,7.18,45.1,LOW
1.088,7.03,71.8,MODERATE
1.001,7.44,22.5,LOW
1.113,6.24,35.4,MODERATE
1.234,5.85,89.0,HIGH
1.047,6.44,38.2,MODERATE
1.121,6.16,83.4,HIGH
1.131,4.36,72.6,HIGH
1.166,5.96,56.0,HIGH
1.099,6.81,40.1,MODERATE
0.975,8.73,30.2,LOW
1.217,5.29,52.7,HIGH
1.032,6.84,47.8,MODERATE
1.013,8.36,43.7,LOW
1.093,6.85,73.1,MODERATE
1.03,7.56,52.2,LOW
1.152,5.37,65.9,HIGH
1.081,6.58,44.5,MODERATE
1.055,7.67,53.8,LOW
1.021,7.0,50.2,LOW
0.967,8.63,25.5,LOW
1.034,6.28,44.8,MODERATE
0.99,7.42,43.0,LOW
1.087,5.9,70.1,HIGH
1.223,5.86,89.1,HIGH
1.06,6.57,49.9,MODERATE
1.094,6.75,61.1,MODERATE
0.998,8.67,45.6,LOW
1.029,8.28,44.3,LOW
1.058,7.29,49.9,MODERATE
1.046,6.76,42.6,MODERATE
1.039,8.98,43.0,LOW
1.03,7.95,41.4,LOW
1.118,6.31,53.5,MODERATE
1.153,5.94,60.0,HIGH
1.202,5.2,46.8,HIGH
1.084,6.39,88.3,HIGH
1.05,7.76,55.8,LOW
1.114,6.37,60.0,HIGH
1.036,7.27,58.4,MODERATE
1.152,4.26,51.2,HIGH
1.075,6.11,59.6,MODERATE
1.036,8.41,57.2,LOW
1.064,6.81,72.9,MODERATE
0.956,7.46,30.4,LOW
1.116,6.31,39.8,MODERATE
0.952,8.64,35.1,LOW
1.096,6.65,63.7,MODERATE
1.119,7.27,48.5,MODERATE
1.052,6.07,37.7,MODERATE
1.185,4.77,79.9,HIGH
1.01,7.95,44.3,LOW
1.007,8.08,39.1,LOW
1.063,6.8,45.2,MODERATE
1.055,8.03,28.3,LOW
1.03,6.97,46.4,MODERATE
1.197,4.0,69.4,HIGH
